{"reqId":16878322730813337,"code":10000,"msg":"成功","data":{"list":[{"date":"2020-03-07","today":{"confirm":1,"suspect":0,"heal":0,"dead":0,"severe":0,"storeConfirm":null},"total":{"confirm":1,"suspect":0,"heal":0,"dead":0,"severe":0,"input":0},"extData":null,"lastUpdateTime":null},{"date":"2020-03-19","today":{"confirm":8,"suspect":0,"heal":1,"dead":0,"severe":0,"storeConfirm":null,"input":0},"total":{"confirm":9,"suspect":0,"heal":1,"dead":0,"severe":0,"input":0},"extData":null,"lastUpdateTime":null},{"date":"2020-03-22","today":{"confirm":7,"suspect":0,"heal":0,"dead":0,"severe":0,"storeConfirm":null,"input":0},"total":{"confirm":16,"suspect":0,"heal":1,"dead":0,"severe":0,"input":0},"extData":null,"lastUpdateTime":null},{"date":"2020-03-23","today":{"confirm":2,"suspect":0,"heal":0,"dead":0,"severe":0,"storeConfirm":null,"input":0},"total":{"confirm":18,"suspect":0,"heal":1,"dead":0,"severe":0,"input":0},"extData":null,"lastUpdateTime":null},{"date":"2020-03-26","today":{"confirm":5,"suspect":0,"heal":0,"dead":0,"severe":0,"storeConfirm":null,"input":0},"total":{"confirm":23,"suspect":0,"heal":1,"dead":0,"severe":0,"input":0},"extData":null,"lastUpdateTime":null},{"date":"2020-03-27","today":{"confirm":1,"suspect":0,"heal":0,"dead":1,"severe":0,"storeConfirm":null,"input":0},"total":{"confirm":24,"suspect":0,"heal":1,"dead":1,"severe":0,"input":0},"extData":null,"lastUpdateTime":null},{"date":"2020-03-28","today":{"confirm":4,"suspect":0,"heal":0,"dead":0,"severe":0,"storeConfirm":null,"input":0},"total":{"confirm":28,"suspect":0,"heal":1,"dead":1,"severe":0,"input":0},"extData":null,"lastUpdateTime":null},{"date":"2020-03-29","today":{"confirm":2,"suspect":0,"heal":6,"dead":0,"severe":0,"storeConfirm":null,"input":0},"total":{"confirm":30,"suspect":0,"heal":7,"dead":1,"severe":0,"input":0},"extData":null,"lastUpdateTime":null},{"date":"2020-03-30","today":{"confirm":4,"suspect":0,"heal":3,"dead":0,"severe":0,"storeConfirm":null,"input":0},"total":{"confirm":34,"suspect":0,"heal":10,"dead":1,"severe":0,"input":0},"extData":null,"lastUpdateTime":null},{"date":"2020-04-01","today":{"confirm":2,"suspect":0,"heal":0,"dead":1,"severe":0,"storeConfirm":null,"input":0},"total":{"confirm":36,"suspect":0,"heal":10,"dead":2,"severe":0,"input":0},"extData":null,"lastUpdateTime":null},{"date":"2020-04-02","today":{"confirm":3,"suspect":0,"heal":7,"dead":0,"severe":0,"storeConfirm":null,"input":0},"total":{"confirm":39,"suspect":0,"heal":17,"dead":2,"severe":0,"input":0},"extData":null,"lastUpdateTime":null},{"date":"2020-04-03","today":{"confirm":1,"suspect":0,"heal":0,"dead":1,"severe":0,"storeConfirm":null,"input":0},"total":{"confirm":40,"suspect":0,"heal":17,"dead":3,"severe":0,"input":0},"extData":null,"lastUpdateTime":null},{"date":"2020-04-04","today":{"confirm":1,"suspect":0,"heal":1,"dead":0,"severe":0,"storeConfirm":null,"input":0},"total":{"confirm":41,"suspect":0,"heal":18,"dead":3,"severe":0,"input":0},"extData":null,"lastUpdateTime":null},{"date":"2020-04-06","today":{"confirm":17,"suspect":0,"heal":4,"dead":0,"severe":0,"storeConfirm":null,"input":0},"total":{"confirm":58,"suspect":0,"heal":22,"dead":3,"severe":0,"input":0},"extData":null,"lastUpdateTime":null},{"date":"2020-04-07","today":{"confirm":7,"suspect":0,"heal":1,"dead":0,"severe":0,"storeConfirm":null,"input":0},"total":{"confirm":65,"suspect":0,"heal":23,"dead":3,"severe":0,"input":0},"extData":null,"lastUpdateTime":null},{"date":"2020-04-08","today":{"confirm":5,"suspect":0,"heal":0,"dead":0,"severe":0,"storeConfirm":null,"input":0},"total":{"confirm":70,"suspect":0,"heal":23,"dead":3,"severe":0,"input":0},"extData":null,"lastUpdateTime":null},{"date":"2020-04-09","today":{"confirm":3,"suspect":0,"heal":1,"dead":0,"severe":0,"storeConfirm":null,"input":0},"total":{"confirm":73,"suspect":0,"heal":24,"dead":3,"severe":0,"input":0},"extData":null,"lastUpdateTime":null},{"date":"2020-04-10","today":{"confirm":3,"suspect":0,"heal":1,"dead":0,"severe":0,"storeConfirm":null,"input":0},"total":{"confirm":76,"suspect":0,"heal":25,"dead":3,"severe":0,"input":0},"extData":null,"lastUpdateTime":null},{"date":"2020-04-15","today":{"confirm":5,"suspect":0,"heal":10,"dead":0,"severe":0,"storeConfirm":null,"input":0},"total":{"confirm":81,"suspect":0,"heal":35,"dead":3,"severe":0,"input":0},"extData":null,"lastUpdateTime":null},{"date":"2020-04-17","today":{"confirm":2,"suspect":0,"heal":13,"dead":2,"severe":0,"storeConfirm":null,"input":0},"total":{"confirm":83,"suspect":0,"heal":48,"dead":5,"severe":0,"input":0},"extData":null,"lastUpdateTime":null},{"date":"2020-04-18","today":{"confirm":1,"suspect":0,"heal":1,"dead":0,"severe":0,"storeConfirm":null,"input":0},"total":{"confirm":84,"suspect":0,"heal":49,"dead":5,"severe":0,"input":0},"extData":null,"lastUpdateTime":null},{"date":"2020-04-21","today":{"confirm":2,"suspect":0,"heal":7,"dead":1,"severe":0,"storeConfirm":null,"input":0},"total":{"confirm":86,"suspect":0,"heal":56,"dead":6,"severe":0,"input":0},"extData":null,"lastUpdateTime":null},{"date":"2020-04-22","today":{"confirm":2,"suspect":0,"heal":0,"dead":0,"severe":0,"storeConfirm":null,"input":0},"total":{"confirm":88,"suspect":0,"heal":56,"dead":6,"severe":0,"input":0},"extData":null,"lastUpdateTime":null},{"date":"2020-04-24","today":{"confirm":2,"suspect":0,"heal":0,"dead":0,"severe":0,"storeConfirm":null,"input":0},"total":{"confirm":90,"suspect":0,"heal":56,"dead":6,"severe":0,"input":0},"extData":null,"lastUpdateTime":null},{"date":"2020-04-26","today":{"confirm":8,"suspect":0,"heal":6,"dead":0,"severe":0,"storeConfirm":null,"input":0},"total":{"confirm":98,"suspect":0,"heal":62,"dead":6,"severe":0,"input":0},"extData":null,"lastUpdateTime":null},{"date":"2020-04-28","today":{"confirm":1,"suspect":0,"heal":0,"dead":0,"severe":0,"storeConfirm":null,"input":0},"total":{"confirm":99,"suspect":0,"heal":62,"dead":6,"severe":0,"input":0},"extData":null,"lastUpdateTime":null},{"date":"2020-04-29","today":{"confirm":0,"suspect":0,"heal":1,"dead":0,"severe":0,"storeConfirm":null,"input":0},"total":{"confirm":99,"suspect":0,"heal":63,"dead":6,"severe":0,"input":0},"extData":null,"lastUpdateTime":null},{"date":"2020-04-30","today":{"confirm":17,"suspect":0,"heal":2,"dead":3,"severe":0,"storeConfirm":null,"input":0},"total":{"confirm":116,"suspect":0,"heal":65,"dead":9,"severe":0,"input":0},"extData":null,"lastUpdateTime":null},{"date":"2020-05-01","today":{"confirm":7,"suspect":0,"heal":1,"dead":0,"severe":0,"storeConfirm":null,"input":0},"total":{"confirm":123,"suspect":0,"heal":66,"dead":9,"severe":0,"input":0},"extData":null,"lastUpdateTime":null},{"date":"2020-05-05","today":{"confirm":3,"suspect":0,"heal":8,"dead":0,"severe":0,"storeConfirm":null,"input":0},"total":{"confirm":126,"suspect":0,"heal":74,"dead":9,"severe":0,"input":0},"extData":null,"lastUpdateTime":null},{"date":"2020-05-06","today":{"confirm":2,"suspect":0,"heal":3,"dead":0,"severe":0,"storeConfirm":null,"input":0},"total":{"confirm":128,"suspect":0,"heal":77,"dead":9,"severe":0,"input":0},"extData":null,"lastUpdateTime":null},{"date":"2020-05-07","today":{"confirm":7,"suspect":0,"heal":8,"dead":0,"severe":0,"storeConfirm":null,"input":0},"total":{"confirm":135,"suspect":0,"heal":85,"dead":9,"severe":0,"input":0},"extData":null,"lastUpdateTime":null},{"date":"2020-05-08","today":{"confirm":10,"suspect":0,"heal":0,"dead":1,"severe":0,"storeConfirm":null,"input":0},"total":{"confirm":145,"suspect":0,"heal":85,"dead":10,"severe":0,"input":0},"extData":null,"lastUpdateTime":null},{"date":"2020-05-10","today":{"confirm":29,"suspect":0,"heal":4,"dead":1,"severe":0,"storeConfirm":null,"input":0},"total":{"confirm":174,"suspect":0,"heal":89,"dead":11,"severe":0,"input":0},"extData":null,"lastUpdateTime":null},{"date":"2020-05-11","today":{"confirm":0,"suspect":null,"heal":0,"dead":0,"severe":null,"storeConfirm":null,"input":0},"total":{"confirm":174,"suspect":0,"heal":89,"dead":11,"severe":0,"input":0},"extData":null,"lastUpdateTime":null},{"date":"2020-05-12","today":{"confirm":25,"suspect":0,"heal":3,"dead":0,"severe":0,"storeConfirm":null,"input":0},"total":{"confirm":199,"suspect":0,"heal":92,"dead":11,"severe":0,"input":0},"extData":null,"lastUpdateTime":null},{"date":"2020-05-13","today":{"confirm":20,"suspect":0,"heal":4,"dead":0,"severe":0,"storeConfirm":null,"input":0},"total":{"confirm":219,"suspect":0,"heal":96,"dead":11,"severe":0,"input":0},"extData":null,"lastUpdateTime":null},{"date":"2020-05-14","today":{"confirm":19,"suspect":0,"heal":0,"dead":0,"severe":0,"storeConfirm":null,"input":0},"total":{"confirm":238,"suspect":0,"heal":96,"dead":11,"severe":0,"input":0},"extData":null,"lastUpdateTime":null},{"date":"2020-05-15","today":{"confirm":25,"suspect":0,"heal":0,"dead":0,"severe":0,"storeConfirm":null,"input":0},"total":{"confirm":263,"suspect":0,"heal":96,"dead":11,"severe":0,"input":0},"extData":null,"lastUpdateTime":null},{"date":"2020-05-16","today":{"confirm":35,"suspect":0,"heal":3,"dead":0,"severe":0,"storeConfirm":null,"input":0},"total":{"confirm":298,"suspect":0,"heal":99,"dead":11,"severe":0,"input":0},"extData":null,"lastUpdateTime":null},{"date":"2020-05-18","today":{"confirm":3,"suspect":0,"heal":5,"dead":0,"severe":0,"storeConfirm":null,"input":0},"total":{"confirm":301,"suspect":0,"heal":104,"dead":11,"severe":0,"input":0},"extData":null,"lastUpdateTime":null},{"date":"2020-05-19","today":{"confirm":37,"suspect":0,"heal":3,"dead":1,"severe":0,"storeConfirm":null,"input":0},"total":{"confirm":338,"suspect":0,"heal":107,"dead":12,"severe":0,"input":0},"extData":null,"lastUpdateTime":null},{"date":"2020-05-20","today":{"confirm":0,"suspect":null,"heal":0,"dead":0,"severe":null,"storeConfirm":null,"input":0},"total":{"confirm":338,"suspect":0,"heal":107,"dead":12,"severe":0,"input":0},"extData":null,"lastUpdateTime":null},{"date":"2020-05-21","today":{"confirm":16,"suspect":0,"heal":11,"dead":0,"severe":0,"storeConfirm":null,"input":0},"total":{"confirm":354,"suspect":0,"heal":118,"dead":12,"severe":0,"input":0},"extData":null,"lastUpdateTime":null},{"date":"2020-05-22","today":{"confirm":9,"suspect":0,"heal":3,"dead":0,"severe":0,"storeConfirm":null,"input":0},"total":{"confirm":363,"suspect":0,"heal":121,"dead":12,"severe":0,"input":0},"extData":null,"lastUpdateTime":null},{"date":"2020-05-23","today":{"confirm":10,"suspect":0,"heal":12,"dead":0,"severe":0,"storeConfirm":null,"input":0},"total":{"confirm":373,"suspect":0,"heal":133,"dead":12,"severe":0,"input":0},"extData":null,"lastUpdateTime":null},{"date":"2020-05-24","today":{"confirm":8,"suspect":0,"heal":8,"dead":0,"severe":0,"storeConfirm":null,"input":0},"total":{"confirm":381,"suspect":0,"heal":141,"dead":12,"severe":0,"input":0},"extData":null,"lastUpdateTime":null},{"date":"2020-05-25","today":{"confirm":5,"suspect":0,"heal":20,"dead":1,"severe":0,"storeConfirm":null,"input":0},"total":{"confirm":386,"suspect":0,"heal":161,"dead":13,"severe":0,"input":0},"extData":null,"lastUpdateTime":null},{"date":"2020-05-26","today":{"confirm":5,"suspect":0,"heal":16,"dead":0,"severe":0,"storeConfirm":null,"input":0},"total":{"confirm":391,"suspect":0,"heal":177,"dead":13,"severe":0,"input":0},"extData":null,"lastUpdateTime":null},{"date":"2020-05-27","today":{"confirm":4,"suspect":0,"heal":6,"dead":0,"severe":0,"storeConfirm":null,"input":0},"total":{"confirm":395,"suspect":0,"heal":183,"dead":13,"severe":0,"input":0},"extData":null,"lastUpdateTime":null},{"date":"2020-05-28","today":{"confirm":27,"suspect":0,"heal":14,"dead":0,"severe":0,"storeConfirm":null,"input":0},"total":{"confirm":422,"suspect":0,"heal":197,"dead":13,"severe":0,"input":0},"extData":null,"lastUpdateTime":null},{"date":"2020-05-29","today":{"confirm":6,"suspect":0,"heal":5,"dead":0,"severe":0,"storeConfirm":null,"input":0},"total":{"confirm":428,"suspect":0,"heal":202,"dead":13,"severe":0,"input":0},"extData":null,"lastUpdateTime":null},{"date":"2020-05-30","today":{"confirm":5,"suspect":0,"heal":4,"dead":0,"severe":0,"storeConfirm":null,"input":0},"total":{"confirm":433,"suspect":0,"heal":206,"dead":13,"severe":0,"input":0},"extData":null,"lastUpdateTime":null},{"date":"2020-05-31","today":{"confirm":9,"suspect":0,"heal":5,"dead":0,"severe":0,"storeConfirm":null,"input":0},"total":{"confirm":442,"suspect":0,"heal":211,"dead":13,"severe":0,"input":0},"extData":null,"lastUpdateTime":null},{"date":"2020-06-01","today":{"confirm":1,"suspect":0,"heal":4,"dead":0,"severe":0,"storeConfirm":null,"input":0},"total":{"confirm":443,"suspect":0,"heal":215,"dead":13,"severe":0,"input":0},"extData":null,"lastUpdateTime":null},{"date":"2020-06-02","today":{"confirm":2,"suspect":0,"heal":15,"dead":0,"severe":0,"storeConfirm":null,"input":0},"total":{"confirm":445,"suspect":0,"heal":230,"dead":13,"severe":0,"input":0},"extData":null,"lastUpdateTime":null},{"date":"2020-06-03","today":{"confirm":7,"suspect":0,"heal":6,"dead":0,"severe":0,"storeConfirm":null,"input":0},"total":{"confirm":452,"suspect":0,"heal":236,"dead":13,"severe":0,"input":0},"extData":null,"lastUpdateTime":null},{"date":"2020-06-04","today":{"confirm":13,"suspect":0,"heal":3,"dead":0,"severe":0,"storeConfirm":null,"input":0},"total":{"confirm":465,"suspect":0,"heal":239,"dead":13,"severe":0,"input":0},"extData":null,"lastUpdateTime":null},{"date":"2020-06-05","today":{"confirm":20,"suspect":0,"heal":1,"dead":0,"severe":0,"storeConfirm":null,"input":0},"total":{"confirm":485,"suspect":0,"heal":240,"dead":13,"severe":0,"input":0},"extData":null,"lastUpdateTime":null},{"date":"2020-06-06","today":{"confirm":2,"suspect":0,"heal":0,"dead":0,"severe":0,"storeConfirm":null,"input":0},"total":{"confirm":487,"suspect":0,"heal":240,"dead":13,"severe":0,"input":0},"extData":null,"lastUpdateTime":null},{"date":"2020-06-07","today":{"confirm":8,"suspect":0,"heal":8,"dead":0,"severe":0,"storeConfirm":null,"input":0},"total":{"confirm":495,"suspect":0,"heal":248,"dead":13,"severe":0,"input":0},"extData":null,"lastUpdateTime":null},{"date":"2020-06-08","today":{"confirm":2,"suspect":0,"heal":3,"dead":0,"severe":0,"storeConfirm":null,"input":0},"total":{"confirm":497,"suspect":0,"heal":251,"dead":13,"severe":0,"input":0},"extData":null,"lastUpdateTime":null},{"date":"2020-06-09","today":{"confirm":4,"suspect":0,"heal":9,"dead":0,"severe":0,"storeConfirm":null,"input":0},"total":{"confirm":501,"suspect":0,"heal":260,"dead":13,"severe":0,"input":0},"extData":null,"lastUpdateTime":null},{"date":"2020-06-10","today":{"confirm":21,"suspect":0,"heal":5,"dead":0,"severe":0,"storeConfirm":null,"input":0},"total":{"confirm":522,"suspect":0,"heal":265,"dead":13,"severe":0,"input":0},"extData":null,"lastUpdateTime":null},{"date":"2020-06-11","today":{"confirm":2,"suspect":0,"heal":6,"dead":0,"severe":0,"storeConfirm":null,"input":0},"total":{"confirm":524,"suspect":0,"heal":271,"dead":13,"severe":0,"input":0},"extData":null,"lastUpdateTime":null},{"date":"2020-06-12","today":{"confirm":1,"suspect":0,"heal":8,"dead":0,"severe":0,"storeConfirm":null,"input":0},"total":{"confirm":525,"suspect":0,"heal":279,"dead":13,"severe":0,"input":0},"extData":null,"lastUpdateTime":null},{"date":"2020-06-13","today":{"confirm":5,"suspect":0,"heal":12,"dead":0,"severe":0,"storeConfirm":null,"input":0},"total":{"confirm":530,"suspect":0,"heal":291,"dead":13,"severe":0,"input":0},"extData":null,"lastUpdateTime":null},{"date":"2020-06-14","today":{"confirm":0,"suspect":null,"heal":0,"dead":0,"severe":null,"storeConfirm":null,"input":0},"total":{"confirm":530,"suspect":0,"heal":291,"dead":13,"severe":0,"input":0},"extData":null,"lastUpdateTime":null}]},"timestamp":1687832273081}