{"reqId":16878322739326296,"code":10000,"msg":"成功","data":{"list":[{"date":"2020-03-08","today":{"confirm":1,"suspect":0,"heal":0,"dead":0,"severe":0,"storeConfirm":null},"total":{"confirm":1,"suspect":0,"heal":0,"dead":0,"severe":0,"input":0},"extData":null,"lastUpdateTime":null},{"date":"2020-03-13","today":{"confirm":1,"suspect":0,"heal":0,"dead":0,"severe":0,"storeConfirm":null,"input":0},"total":{"confirm":2,"suspect":0,"heal":0,"dead":0,"severe":0,"input":0},"extData":null,"lastUpdateTime":null},{"date":"2020-03-14","today":{"confirm":1,"suspect":0,"heal":0,"dead":0,"severe":0,"storeConfirm":null,"input":0},"total":{"confirm":3,"suspect":0,"heal":0,"dead":0,"severe":0,"input":0},"extData":null,"lastUpdateTime":null},{"date":"2020-03-29","today":{"confirm":137,"suspect":0,"heal":0,"dead":0,"severe":0,"storeConfirm":null,"input":0},"total":{"confirm":140,"suspect":0,"heal":0,"dead":0,"severe":0,"input":0},"extData":null,"lastUpdateTime":null},{"date":"2020-03-30","today":{"confirm":19,"suspect":0,"heal":0,"dead":0,"severe":0,"storeConfirm":null,"input":0},"total":{"confirm":159,"suspect":0,"heal":0,"dead":0,"severe":0,"input":0},"extData":null,"lastUpdateTime":null},{"date":"2020-04-15","today":{"confirm":25,"suspect":0,"heal":157,"dead":0,"severe":0,"storeConfirm":null,"input":0},"total":{"confirm":184,"suspect":0,"heal":157,"dead":0,"severe":0,"input":0},"extData":null,"lastUpdateTime":null},{"date":"2020-04-16","today":{"confirm":0,"suspect":0,"heal":9,"dead":0,"severe":0,"storeConfirm":null,"input":0},"total":{"confirm":184,"suspect":0,"heal":166,"dead":0,"severe":0,"input":0},"extData":null,"lastUpdateTime":null},{"date":"2020-04-19","today":{"confirm":1,"suspect":0,"heal":10,"dead":0,"severe":0,"storeConfirm":null,"input":0},"total":{"confirm":185,"suspect":0,"heal":176,"dead":0,"severe":0,"input":0},"extData":null,"lastUpdateTime":null},{"date":"2020-04-21","today":{"confirm":0,"suspect":0,"heal":2,"dead":0,"severe":0,"storeConfirm":null,"input":0},"total":{"confirm":185,"suspect":0,"heal":178,"dead":0,"severe":0,"input":0},"extData":null,"lastUpdateTime":null},{"date":"2020-04-22","today":{"confirm":2,"suspect":0,"heal":0,"dead":0,"severe":0,"storeConfirm":null,"input":0},"total":{"confirm":187,"suspect":0,"heal":178,"dead":0,"severe":0,"input":0},"extData":null,"lastUpdateTime":null},{"date":"2020-04-25","today":{"confirm":0,"suspect":null,"heal":0,"dead":0,"severe":null,"storeConfirm":null,"input":0},"total":{"confirm":187,"suspect":0,"heal":178,"dead":0,"severe":0,"input":0},"extData":null,"lastUpdateTime":null},{"date":"2020-04-29","today":{"confirm":0,"suspect":null,"heal":0,"dead":0,"severe":null,"storeConfirm":null,"input":0},"total":{"confirm":187,"suspect":0,"heal":178,"dead":0,"severe":0,"input":0},"extData":null,"lastUpdateTime":null},{"date":"2020-05-06","today":{"confirm":0,"suspect":0,"heal":7,"dead":0,"severe":0,"storeConfirm":null,"input":0},"total":{"confirm":187,"suspect":0,"heal":185,"dead":0,"severe":0,"input":0},"extData":null,"lastUpdateTime":null},{"date":"2020-05-07","today":{"confirm":0,"suspect":0,"heal":2,"dead":0,"severe":0,"storeConfirm":null,"input":0},"total":{"confirm":187,"suspect":0,"heal":187,"dead":0,"severe":0,"input":0},"extData":null,"lastUpdateTime":null},{"date":"2020-05-11","today":{"confirm":0,"suspect":null,"heal":0,"dead":0,"severe":null,"storeConfirm":null,"input":0},"total":{"confirm":187,"suspect":0,"heal":187,"dead":0,"severe":0,"input":0},"extData":null,"lastUpdateTime":null},{"date":"2020-05-12","today":{"confirm":0,"suspect":null,"heal":0,"dead":0,"severe":null,"storeConfirm":null,"input":0},"total":{"confirm":187,"suspect":0,"heal":187,"dead":0,"severe":0,"input":0},"extData":null,"lastUpdateTime":null},{"date":"2020-05-13","today":{"confirm":0,"suspect":null,"heal":0,"dead":0,"severe":null,"storeConfirm":null,"input":0},"total":{"confirm":187,"suspect":0,"heal":187,"dead":0,"severe":0,"input":0},"extData":null,"lastUpdateTime":null},{"date":"2020-05-14","today":{"confirm":0,"suspect":null,"heal":0,"dead":0,"severe":null,"storeConfirm":null,"input":0},"total":{"confirm":187,"suspect":0,"heal":187,"dead":0,"severe":0,"input":0},"extData":null,"lastUpdateTime":null},{"date":"2020-05-17","today":{"confirm":0,"suspect":null,"heal":0,"dead":0,"severe":null,"storeConfirm":null,"input":0},"total":{"confirm":187,"suspect":0,"heal":187,"dead":0,"severe":0,"input":0},"extData":null,"lastUpdateTime":null},{"date":"2020-05-18","today":{"confirm":0,"suspect":null,"heal":0,"dead":0,"severe":null,"storeConfirm":null,"input":0},"total":{"confirm":187,"suspect":0,"heal":187,"dead":0,"severe":0,"input":0},"extData":null,"lastUpdateTime":null},{"date":"2020-05-19","today":{"confirm":0,"suspect":null,"heal":0,"dead":0,"severe":null,"storeConfirm":null,"input":0},"total":{"confirm":187,"suspect":0,"heal":187,"dead":0,"severe":0,"input":0},"extData":null,"lastUpdateTime":null},{"date":"2020-05-20","today":{"confirm":0,"suspect":null,"heal":0,"dead":0,"severe":null,"storeConfirm":null,"input":0},"total":{"confirm":187,"suspect":0,"heal":187,"dead":0,"severe":0,"input":0},"extData":null,"lastUpdateTime":null},{"date":"2020-05-21","today":{"confirm":0,"suspect":null,"heal":0,"dead":0,"severe":null,"storeConfirm":null,"input":0},"total":{"confirm":187,"suspect":0,"heal":187,"dead":0,"severe":0,"input":0},"extData":null,"lastUpdateTime":null},{"date":"2020-05-22","today":{"confirm":0,"suspect":null,"heal":0,"dead":0,"severe":null,"storeConfirm":null,"input":0},"total":{"confirm":187,"suspect":0,"heal":187,"dead":0,"severe":0,"input":0},"extData":null,"lastUpdateTime":null},{"date":"2020-05-23","today":{"confirm":0,"suspect":null,"heal":0,"dead":0,"severe":null,"storeConfirm":null,"input":0},"total":{"confirm":187,"suspect":0,"heal":187,"dead":0,"severe":0,"input":0},"extData":null,"lastUpdateTime":null},{"date":"2020-05-24","today":{"confirm":0,"suspect":null,"heal":0,"dead":0,"severe":null,"storeConfirm":null,"input":0},"total":{"confirm":187,"suspect":0,"heal":187,"dead":0,"severe":0,"input":0},"extData":null,"lastUpdateTime":null},{"date":"2020-05-25","today":{"confirm":0,"suspect":null,"heal":0,"dead":0,"severe":null,"storeConfirm":null,"input":0},"total":{"confirm":187,"suspect":0,"heal":187,"dead":0,"severe":0,"input":0},"extData":null,"lastUpdateTime":null},{"date":"2020-05-26","today":{"confirm":0,"suspect":null,"heal":0,"dead":0,"severe":null,"storeConfirm":null,"input":0},"total":{"confirm":187,"suspect":0,"heal":187,"dead":0,"severe":0,"input":0},"extData":null,"lastUpdateTime":null},{"date":"2020-05-27","today":{"confirm":0,"suspect":null,"heal":0,"dead":0,"severe":null,"storeConfirm":null,"input":0},"total":{"confirm":187,"suspect":0,"heal":187,"dead":0,"severe":0,"input":0},"extData":null,"lastUpdateTime":null},{"date":"2020-05-28","today":{"confirm":0,"suspect":null,"heal":0,"dead":0,"severe":null,"storeConfirm":null,"input":0},"total":{"confirm":187,"suspect":0,"heal":187,"dead":0,"severe":0,"input":0},"extData":null,"lastUpdateTime":null},{"date":"2020-05-29","today":{"confirm":0,"suspect":null,"heal":0,"dead":0,"severe":null,"storeConfirm":null,"input":0},"total":{"confirm":187,"suspect":0,"heal":187,"dead":0,"severe":0,"input":0},"extData":null,"lastUpdateTime":null},{"date":"2020-05-30","today":{"confirm":0,"suspect":null,"heal":0,"dead":0,"severe":null,"storeConfirm":null,"input":0},"total":{"confirm":187,"suspect":0,"heal":187,"dead":0,"severe":0,"input":0},"extData":null,"lastUpdateTime":null},{"date":"2020-05-31","today":{"confirm":0,"suspect":null,"heal":0,"dead":0,"severe":null,"storeConfirm":null,"input":0},"total":{"confirm":187,"suspect":0,"heal":187,"dead":0,"severe":0,"input":0},"extData":null,"lastUpdateTime":null},{"date":"2020-06-01","today":{"confirm":0,"suspect":null,"heal":0,"dead":0,"severe":null,"storeConfirm":null,"input":0},"total":{"confirm":187,"suspect":0,"heal":187,"dead":0,"severe":0,"input":0},"extData":null,"lastUpdateTime":null},{"date":"2020-06-02","today":{"confirm":0,"suspect":null,"heal":0,"dead":0,"severe":null,"storeConfirm":null,"input":0},"total":{"confirm":187,"suspect":0,"heal":187,"dead":0,"severe":0,"input":0},"extData":null,"lastUpdateTime":null},{"date":"2020-06-03","today":{"confirm":0,"suspect":null,"heal":0,"dead":0,"severe":null,"storeConfirm":null,"input":0},"total":{"confirm":187,"suspect":0,"heal":187,"dead":0,"severe":0,"input":0},"extData":null,"lastUpdateTime":null},{"date":"2020-06-04","today":{"confirm":0,"suspect":null,"heal":0,"dead":0,"severe":null,"storeConfirm":null,"input":0},"total":{"confirm":187,"suspect":0,"heal":187,"dead":0,"severe":0,"input":0},"extData":null,"lastUpdateTime":null},{"date":"2020-06-05","today":{"confirm":0,"suspect":null,"heal":0,"dead":0,"severe":null,"storeConfirm":null,"input":0},"total":{"confirm":187,"suspect":0,"heal":187,"dead":0,"severe":0,"input":0},"extData":null,"lastUpdateTime":null},{"date":"2020-06-06","today":{"confirm":0,"suspect":null,"heal":0,"dead":0,"severe":null,"storeConfirm":null,"input":0},"total":{"confirm":187,"suspect":0,"heal":187,"dead":0,"severe":0,"input":0},"extData":null,"lastUpdateTime":null},{"date":"2020-06-07","today":{"confirm":0,"suspect":null,"heal":0,"dead":0,"severe":null,"storeConfirm":null,"input":0},"total":{"confirm":187,"suspect":0,"heal":187,"dead":0,"severe":0,"input":0},"extData":null,"lastUpdateTime":null},{"date":"2020-06-08","today":{"confirm":0,"suspect":null,"heal":0,"dead":0,"severe":null,"storeConfirm":null,"input":0},"total":{"confirm":187,"suspect":0,"heal":187,"dead":0,"severe":0,"input":0},"extData":null,"lastUpdateTime":null},{"date":"2020-06-09","today":{"confirm":0,"suspect":null,"heal":0,"dead":0,"severe":null,"storeConfirm":null,"input":0},"total":{"confirm":187,"suspect":0,"heal":187,"dead":0,"severe":0,"input":0},"extData":null,"lastUpdateTime":null},{"date":"2020-06-10","today":{"confirm":0,"suspect":null,"heal":0,"dead":0,"severe":null,"storeConfirm":null,"input":0},"total":{"confirm":187,"suspect":0,"heal":187,"dead":0,"severe":0,"input":0},"extData":null,"lastUpdateTime":null},{"date":"2020-06-11","today":{"confirm":0,"suspect":null,"heal":0,"dead":0,"severe":null,"storeConfirm":null,"input":0},"total":{"confirm":187,"suspect":0,"heal":187,"dead":0,"severe":0,"input":0},"extData":null,"lastUpdateTime":null},{"date":"2020-06-12","today":{"confirm":0,"suspect":null,"heal":0,"dead":0,"severe":null,"storeConfirm":null,"input":0},"total":{"confirm":187,"suspect":0,"heal":187,"dead":0,"severe":0,"input":0},"extData":null,"lastUpdateTime":null},{"date":"2020-06-13","today":{"confirm":0,"suspect":null,"heal":0,"dead":0,"severe":null,"storeConfirm":null,"input":0},"total":{"confirm":187,"suspect":0,"heal":187,"dead":0,"severe":0,"input":0},"extData":null,"lastUpdateTime":null},{"date":"2020-06-14","today":{"confirm":0,"suspect":null,"heal":0,"dead":0,"severe":null,"storeConfirm":null,"input":0},"total":{"confirm":187,"suspect":0,"heal":187,"dead":0,"severe":0,"input":0},"extData":null,"lastUpdateTime":null},{"date":"2022-06-07","today":{"confirm":34471,"suspect":null,"heal":-187,"dead":28,"severe":null,"storeConfirm":null,"input":0},"total":{"confirm":34658,"suspect":0,"heal":0,"dead":28,"severe":0,"input":0},"extData":null,"lastUpdateTime":null},{"date":"2022-06-08","today":{"confirm":0,"suspect":null,"heal":0,"dead":0,"severe":null,"storeConfirm":null,"input":0},"total":{"confirm":34658,"suspect":0,"heal":0,"dead":28,"severe":0,"input":0},"extData":null,"lastUpdateTime":null},{"date":"2022-06-09","today":{"confirm":0,"suspect":null,"heal":0,"dead":0,"severe":null,"storeConfirm":null,"input":0},"total":{"confirm":34658,"suspect":0,"heal":0,"dead":28,"severe":0,"input":0},"extData":null,"lastUpdateTime":null},{"date":"2022-06-10","today":{"confirm":0,"suspect":null,"heal":0,"dead":0,"severe":null,"storeConfirm":null,"input":0},"total":{"confirm":34658,"suspect":0,"heal":0,"dead":28,"severe":0,"input":0},"extData":null,"lastUpdateTime":null},{"date":"2022-06-11","today":{"confirm":0,"suspect":null,"heal":0,"dead":0,"severe":null,"storeConfirm":null,"input":0},"total":{"confirm":34658,"suspect":0,"heal":0,"dead":28,"severe":0,"input":0},"extData":null,"lastUpdateTime":null},{"date":"2022-06-12","today":{"confirm":0,"suspect":null,"heal":0,"dead":0,"severe":null,"storeConfirm":null,"input":0},"total":{"confirm":34658,"suspect":0,"heal":0,"dead":28,"severe":0,"input":0},"extData":null,"lastUpdateTime":null},{"date":"2022-06-13","today":{"confirm":0,"suspect":null,"heal":0,"dead":0,"severe":null,"storeConfirm":null,"input":0},"total":{"confirm":34658,"suspect":0,"heal":0,"dead":28,"severe":0,"input":0},"extData":null,"lastUpdateTime":null},{"date":"2022-06-14","today":{"confirm":0,"suspect":null,"heal":0,"dead":0,"severe":null,"storeConfirm":null,"input":0},"total":{"confirm":34658,"suspect":0,"heal":0,"dead":28,"severe":0,"input":0},"extData":null,"lastUpdateTime":null},{"date":"2022-06-15","today":{"confirm":0,"suspect":null,"heal":0,"dead":0,"severe":null,"storeConfirm":null,"input":0},"total":{"confirm":34658,"suspect":0,"heal":0,"dead":28,"severe":0,"input":0},"extData":null,"lastUpdateTime":null},{"date":"2022-06-16","today":{"confirm":0,"suspect":null,"heal":0,"dead":0,"severe":null,"storeConfirm":null,"input":0},"total":{"confirm":34658,"suspect":0,"heal":0,"dead":28,"severe":0,"input":0},"extData":null,"lastUpdateTime":null},{"date":"2022-06-17","today":{"confirm":0,"suspect":null,"heal":0,"dead":0,"severe":null,"storeConfirm":null,"input":0},"total":{"confirm":34658,"suspect":0,"heal":0,"dead":28,"severe":0,"input":0},"extData":null,"lastUpdateTime":null},{"date":"2022-06-18","today":{"confirm":0,"suspect":null,"heal":0,"dead":0,"severe":null,"storeConfirm":null,"input":0},"total":{"confirm":34658,"suspect":0,"heal":0,"dead":28,"severe":0,"input":0},"extData":null,"lastUpdateTime":null},{"date":"2022-06-19","today":{"confirm":0,"suspect":null,"heal":0,"dead":0,"severe":null,"storeConfirm":null,"input":0},"total":{"confirm":34658,"suspect":0,"heal":0,"dead":28,"severe":0,"input":0},"extData":null,"lastUpdateTime":null},{"date":"2022-06-20","today":{"confirm":0,"suspect":null,"heal":0,"dead":0,"severe":null,"storeConfirm":null,"input":0},"total":{"confirm":34658,"suspect":0,"heal":0,"dead":28,"severe":0,"input":0},"extData":null,"lastUpdateTime":null},{"date":"2022-06-21","today":{"confirm":0,"suspect":null,"heal":0,"dead":0,"severe":null,"storeConfirm":null,"input":0},"total":{"confirm":34658,"suspect":0,"heal":0,"dead":28,"severe":0,"input":0},"extData":null,"lastUpdateTime":null},{"date":"2022-06-22","today":{"confirm":0,"suspect":null,"heal":0,"dead":0,"severe":null,"storeConfirm":null,"input":0},"total":{"confirm":34658,"suspect":0,"heal":0,"dead":28,"severe":0,"input":0},"extData":null,"lastUpdateTime":null},{"date":"2022-06-23","today":{"confirm":0,"suspect":null,"heal":0,"dead":0,"severe":null,"storeConfirm":null,"input":0},"total":{"confirm":34658,"suspect":0,"heal":0,"dead":28,"severe":0,"input":0},"extData":null,"lastUpdateTime":null},{"date":"2022-06-24","today":{"confirm":0,"suspect":null,"heal":0,"dead":0,"severe":null,"storeConfirm":null,"input":0},"total":{"confirm":34658,"suspect":0,"heal":0,"dead":28,"severe":0,"input":0},"extData":null,"lastUpdateTime":null},{"date":"2022-06-25","today":{"confirm":0,"suspect":null,"heal":0,"dead":0,"severe":null,"storeConfirm":null,"input":0},"total":{"confirm":34658,"suspect":0,"heal":0,"dead":28,"severe":0,"input":0},"extData":null,"lastUpdateTime":null},{"date":"2022-06-26","today":{"confirm":0,"suspect":null,"heal":0,"dead":0,"severe":null,"storeConfirm":null,"input":0},"total":{"confirm":34658,"suspect":0,"heal":0,"dead":28,"severe":0,"input":0},"extData":null,"lastUpdateTime":null},{"date":"2022-06-27","today":{"confirm":0,"suspect":null,"heal":0,"dead":0,"severe":null,"storeConfirm":null,"input":0},"total":{"confirm":34658,"suspect":0,"heal":0,"dead":28,"severe":0,"input":0},"extData":null,"lastUpdateTime":null},{"date":"2022-06-28","today":{"confirm":0,"suspect":null,"heal":0,"dead":0,"severe":null,"storeConfirm":null,"input":0},"total":{"confirm":34658,"suspect":0,"heal":0,"dead":28,"severe":0,"input":0},"extData":null,"lastUpdateTime":null},{"date":"2022-06-29","today":{"confirm":0,"suspect":null,"heal":0,"dead":0,"severe":null,"storeConfirm":null,"input":0},"total":{"confirm":34658,"suspect":0,"heal":0,"dead":28,"severe":0,"input":0},"extData":null,"lastUpdateTime":null},{"date":"2022-06-30","today":{"confirm":0,"suspect":null,"heal":0,"dead":0,"severe":null,"storeConfirm":null,"input":0},"total":{"confirm":34658,"suspect":0,"heal":0,"dead":28,"severe":0,"input":0},"extData":null,"lastUpdateTime":null},{"date":"2022-07-01","today":{"confirm":0,"suspect":null,"heal":0,"dead":0,"severe":null,"storeConfirm":null,"input":0},"total":{"confirm":34658,"suspect":0,"heal":0,"dead":28,"severe":0,"input":0},"extData":null,"lastUpdateTime":null},{"date":"2022-07-02","today":{"confirm":0,"suspect":null,"heal":0,"dead":0,"severe":null,"storeConfirm":null,"input":0},"total":{"confirm":34658,"suspect":0,"heal":0,"dead":28,"severe":0,"input":0},"extData":null,"lastUpdateTime":null},{"date":"2022-07-03","today":{"confirm":0,"suspect":null,"heal":0,"dead":0,"severe":null,"storeConfirm":null,"input":0},"total":{"confirm":34658,"suspect":0,"heal":0,"dead":28,"severe":0,"input":0},"extData":null,"lastUpdateTime":null},{"date":"2022-07-04","today":{"confirm":0,"suspect":null,"heal":0,"dead":0,"severe":null,"storeConfirm":null,"input":0},"total":{"confirm":34658,"suspect":0,"heal":0,"dead":28,"severe":0,"input":0},"extData":null,"lastUpdateTime":null},{"date":"2022-07-05","today":{"confirm":0,"suspect":null,"heal":0,"dead":0,"severe":null,"storeConfirm":null,"input":0},"total":{"confirm":34658,"suspect":0,"heal":0,"dead":28,"severe":0,"input":0},"extData":null,"lastUpdateTime":null},{"date":"2022-07-06","today":{"confirm":0,"suspect":null,"heal":0,"dead":0,"severe":null,"storeConfirm":null,"input":0},"total":{"confirm":34658,"suspect":0,"heal":0,"dead":28,"severe":0,"input":0},"extData":null,"lastUpdateTime":null},{"date":"2022-07-07","today":{"confirm":0,"suspect":null,"heal":0,"dead":0,"severe":null,"storeConfirm":null,"input":0},"total":{"confirm":34658,"suspect":0,"heal":0,"dead":28,"severe":0,"input":0},"extData":null,"lastUpdateTime":null},{"date":"2022-07-08","today":{"confirm":0,"suspect":null,"heal":0,"dead":0,"severe":null,"storeConfirm":null,"input":0},"total":{"confirm":34658,"suspect":0,"heal":0,"dead":28,"severe":0,"input":0},"extData":null,"lastUpdateTime":null},{"date":"2022-07-09","today":{"confirm":0,"suspect":null,"heal":0,"dead":0,"severe":null,"storeConfirm":null,"input":0},"total":{"confirm":34658,"suspect":0,"heal":0,"dead":28,"severe":0,"input":0},"extData":null,"lastUpdateTime":null},{"date":"2022-07-10","today":{"confirm":0,"suspect":null,"heal":0,"dead":0,"severe":null,"storeConfirm":null,"input":0},"total":{"confirm":34658,"suspect":0,"heal":0,"dead":28,"severe":0,"input":0},"extData":null,"lastUpdateTime":null},{"date":"2022-07-11","today":{"confirm":0,"suspect":null,"heal":0,"dead":0,"severe":null,"storeConfirm":null,"input":0},"total":{"confirm":34658,"suspect":0,"heal":0,"dead":28,"severe":0,"input":0},"extData":null,"lastUpdateTime":null},{"date":"2022-07-12","today":{"confirm":0,"suspect":null,"heal":0,"dead":0,"severe":null,"storeConfirm":null,"input":0},"total":{"confirm":34658,"suspect":0,"heal":0,"dead":28,"severe":0,"input":0},"extData":null,"lastUpdateTime":null},{"date":"2022-07-13","today":{"confirm":0,"suspect":null,"heal":0,"dead":0,"severe":null,"storeConfirm":null,"input":0},"total":{"confirm":34658,"suspect":0,"heal":0,"dead":28,"severe":0,"input":0},"extData":null,"lastUpdateTime":null},{"date":"2022-07-14","today":{"confirm":0,"suspect":null,"heal":0,"dead":0,"severe":null,"storeConfirm":null,"input":0},"total":{"confirm":34658,"suspect":0,"heal":0,"dead":28,"severe":0,"input":0},"extData":null,"lastUpdateTime":null},{"date":"2022-07-15","today":{"confirm":0,"suspect":null,"heal":0,"dead":0,"severe":null,"storeConfirm":null,"input":0},"total":{"confirm":34658,"suspect":0,"heal":0,"dead":28,"severe":0,"input":0},"extData":null,"lastUpdateTime":null},{"date":"2022-07-16","today":{"confirm":0,"suspect":null,"heal":0,"dead":0,"severe":null,"storeConfirm":null,"input":0},"total":{"confirm":34658,"suspect":0,"heal":0,"dead":28,"severe":0,"input":0},"extData":null,"lastUpdateTime":null},{"date":"2022-07-17","today":{"confirm":0,"suspect":null,"heal":0,"dead":0,"severe":null,"storeConfirm":null,"input":0},"total":{"confirm":34658,"suspect":0,"heal":0,"dead":28,"severe":0,"input":0},"extData":null,"lastUpdateTime":null},{"date":"2022-07-18","today":{"confirm":0,"suspect":null,"heal":0,"dead":0,"severe":null,"storeConfirm":null,"input":0},"total":{"confirm":34658,"suspect":0,"heal":0,"dead":28,"severe":0,"input":0},"extData":null,"lastUpdateTime":null},{"date":"2022-07-19","today":{"confirm":0,"suspect":null,"heal":0,"dead":0,"severe":null,"storeConfirm":null,"input":0},"total":{"confirm":34658,"suspect":0,"heal":0,"dead":28,"severe":0,"input":0},"extData":null,"lastUpdateTime":null},{"date":"2022-07-20","today":{"confirm":0,"suspect":null,"heal":0,"dead":0,"severe":null,"storeConfirm":null,"input":0},"total":{"confirm":34658,"suspect":0,"heal":0,"dead":28,"severe":0,"input":0},"extData":null,"lastUpdateTime":null},{"date":"2022-07-21","today":{"confirm":0,"suspect":null,"heal":0,"dead":0,"severe":null,"storeConfirm":null,"input":0},"total":{"confirm":34658,"suspect":0,"heal":0,"dead":28,"severe":0,"input":0},"extData":null,"lastUpdateTime":null},{"date":"2022-07-22","today":{"confirm":0,"suspect":null,"heal":0,"dead":0,"severe":null,"storeConfirm":null,"input":0},"total":{"confirm":34658,"suspect":0,"heal":0,"dead":28,"severe":0,"input":0},"extData":null,"lastUpdateTime":null},{"date":"2022-07-23","today":{"confirm":0,"suspect":null,"heal":0,"dead":0,"severe":null,"storeConfirm":null,"input":0},"total":{"confirm":34658,"suspect":0,"heal":0,"dead":28,"severe":0,"input":0},"extData":null,"lastUpdateTime":null},{"date":"2022-07-24","today":{"confirm":0,"suspect":null,"heal":0,"dead":0,"severe":null,"storeConfirm":null,"input":0},"total":{"confirm":34658,"suspect":0,"heal":0,"dead":28,"severe":0,"input":0},"extData":null,"lastUpdateTime":null},{"date":"2022-07-25","today":{"confirm":0,"suspect":null,"heal":0,"dead":0,"severe":null,"storeConfirm":null,"input":0},"total":{"confirm":34658,"suspect":0,"heal":0,"dead":28,"severe":0,"input":0},"extData":null,"lastUpdateTime":null},{"date":"2022-07-26","today":{"confirm":0,"suspect":null,"heal":0,"dead":0,"severe":null,"storeConfirm":null,"input":0},"total":{"confirm":34658,"suspect":0,"heal":0,"dead":28,"severe":0,"input":0},"extData":null,"lastUpdateTime":null},{"date":"2022-07-27","today":{"confirm":0,"suspect":null,"heal":0,"dead":0,"severe":null,"storeConfirm":null,"input":0},"total":{"confirm":34658,"suspect":0,"heal":0,"dead":28,"severe":0,"input":0},"extData":null,"lastUpdateTime":null},{"date":"2022-07-28","today":{"confirm":0,"suspect":null,"heal":0,"dead":0,"severe":null,"storeConfirm":null,"input":0},"total":{"confirm":34658,"suspect":0,"heal":0,"dead":28,"severe":0,"input":0},"extData":null,"lastUpdateTime":null},{"date":"2022-07-29","today":{"confirm":0,"suspect":null,"heal":0,"dead":0,"severe":null,"storeConfirm":null,"input":0},"total":{"confirm":34658,"suspect":0,"heal":0,"dead":28,"severe":0,"input":0},"extData":null,"lastUpdateTime":null},{"date":"2022-07-30","today":{"confirm":0,"suspect":null,"heal":0,"dead":0,"severe":null,"storeConfirm":null,"input":0},"total":{"confirm":34658,"suspect":0,"heal":0,"dead":28,"severe":0,"input":0},"extData":null,"lastUpdateTime":null},{"date":"2022-07-31","today":{"confirm":0,"suspect":null,"heal":0,"dead":0,"severe":null,"storeConfirm":null,"input":0},"total":{"confirm":34658,"suspect":0,"heal":0,"dead":28,"severe":0,"input":0},"extData":null,"lastUpdateTime":null},{"date":"2022-08-01","today":{"confirm":0,"suspect":null,"heal":0,"dead":0,"severe":null,"storeConfirm":null,"input":0},"total":{"confirm":34658,"suspect":0,"heal":0,"dead":28,"severe":0,"input":0},"extData":null,"lastUpdateTime":null},{"date":"2022-08-02","today":{"confirm":0,"suspect":null,"heal":0,"dead":0,"severe":null,"storeConfirm":null,"input":0},"total":{"confirm":34658,"suspect":0,"heal":0,"dead":28,"severe":0,"input":0},"extData":null,"lastUpdateTime":null},{"date":"2022-08-03","today":{"confirm":0,"suspect":null,"heal":0,"dead":0,"severe":null,"storeConfirm":null,"input":0},"total":{"confirm":34658,"suspect":0,"heal":0,"dead":28,"severe":0,"input":0},"extData":null,"lastUpdateTime":null},{"date":"2022-08-04","today":{"confirm":0,"suspect":null,"heal":0,"dead":0,"severe":null,"storeConfirm":null,"input":0},"total":{"confirm":34658,"suspect":0,"heal":0,"dead":28,"severe":0,"input":0},"extData":null,"lastUpdateTime":null},{"date":"2022-08-05","today":{"confirm":0,"suspect":null,"heal":0,"dead":0,"severe":null,"storeConfirm":null,"input":0},"total":{"confirm":34658,"suspect":0,"heal":0,"dead":28,"severe":0,"input":0},"extData":null,"lastUpdateTime":null},{"date":"2022-08-06","today":{"confirm":0,"suspect":null,"heal":0,"dead":0,"severe":null,"storeConfirm":null,"input":0},"total":{"confirm":34658,"suspect":0,"heal":0,"dead":28,"severe":0,"input":0},"extData":null,"lastUpdateTime":null},{"date":"2022-08-07","today":{"confirm":0,"suspect":null,"heal":0,"dead":0,"severe":null,"storeConfirm":null,"input":0},"total":{"confirm":34658,"suspect":0,"heal":0,"dead":28,"severe":0,"input":0},"extData":null,"lastUpdateTime":null},{"date":"2022-08-08","today":{"confirm":0,"suspect":null,"heal":0,"dead":0,"severe":null,"storeConfirm":null,"input":0},"total":{"confirm":34658,"suspect":0,"heal":0,"dead":28,"severe":0,"input":0},"extData":null,"lastUpdateTime":null},{"date":"2022-08-09","today":{"confirm":0,"suspect":null,"heal":0,"dead":0,"severe":null,"storeConfirm":null,"input":0},"total":{"confirm":34658,"suspect":0,"heal":0,"dead":28,"severe":0,"input":0},"extData":null,"lastUpdateTime":null},{"date":"2022-08-10","today":{"confirm":0,"suspect":null,"heal":0,"dead":0,"severe":null,"storeConfirm":null,"input":0},"total":{"confirm":34658,"suspect":0,"heal":0,"dead":28,"severe":0,"input":0},"extData":null,"lastUpdateTime":null},{"date":"2022-08-11","today":{"confirm":0,"suspect":null,"heal":0,"dead":0,"severe":null,"storeConfirm":null,"input":0},"total":{"confirm":34658,"suspect":0,"heal":0,"dead":28,"severe":0,"input":0},"extData":null,"lastUpdateTime":null},{"date":"2022-08-12","today":{"confirm":0,"suspect":null,"heal":0,"dead":0,"severe":null,"storeConfirm":null,"input":0},"total":{"confirm":34658,"suspect":0,"heal":0,"dead":28,"severe":0,"input":0},"extData":null,"lastUpdateTime":null},{"date":"2022-08-13","today":{"confirm":0,"suspect":null,"heal":0,"dead":0,"severe":null,"storeConfirm":null,"input":0},"total":{"confirm":34658,"suspect":0,"heal":0,"dead":28,"severe":0,"input":0},"extData":null,"lastUpdateTime":null},{"date":"2022-08-14","today":{"confirm":0,"suspect":null,"heal":0,"dead":0,"severe":null,"storeConfirm":null,"input":0},"total":{"confirm":34658,"suspect":0,"heal":0,"dead":28,"severe":0,"input":0},"extData":null,"lastUpdateTime":null},{"date":"2022-08-15","today":{"confirm":0,"suspect":null,"heal":0,"dead":0,"severe":null,"storeConfirm":null,"input":0},"total":{"confirm":34658,"suspect":0,"heal":0,"dead":28,"severe":0,"input":0},"extData":null,"lastUpdateTime":null},{"date":"2022-08-16","today":{"confirm":0,"suspect":null,"heal":0,"dead":0,"severe":null,"storeConfirm":null,"input":0},"total":{"confirm":34658,"suspect":0,"heal":0,"dead":28,"severe":0,"input":0},"extData":null,"lastUpdateTime":null},{"date":"2022-08-17","today":{"confirm":0,"suspect":null,"heal":0,"dead":0,"severe":null,"storeConfirm":null,"input":0},"total":{"confirm":34658,"suspect":0,"heal":0,"dead":28,"severe":0,"input":0},"extData":null,"lastUpdateTime":null},{"date":"2022-08-18","today":{"confirm":0,"suspect":null,"heal":0,"dead":0,"severe":null,"storeConfirm":null,"input":0},"total":{"confirm":34658,"suspect":0,"heal":0,"dead":28,"severe":0,"input":0},"extData":null,"lastUpdateTime":null},{"date":"2022-08-19","today":{"confirm":0,"suspect":null,"heal":0,"dead":0,"severe":null,"storeConfirm":null,"input":0},"total":{"confirm":34658,"suspect":0,"heal":0,"dead":28,"severe":0,"input":0},"extData":null,"lastUpdateTime":null},{"date":"2022-08-20","today":{"confirm":0,"suspect":null,"heal":0,"dead":0,"severe":null,"storeConfirm":null,"input":0},"total":{"confirm":34658,"suspect":0,"heal":0,"dead":28,"severe":0,"input":0},"extData":null,"lastUpdateTime":null},{"date":"2022-08-21","today":{"confirm":0,"suspect":null,"heal":0,"dead":0,"severe":null,"storeConfirm":null,"input":0},"total":{"confirm":34658,"suspect":0,"heal":0,"dead":28,"severe":0,"input":0},"extData":null,"lastUpdateTime":null},{"date":"2022-08-22","today":{"confirm":0,"suspect":null,"heal":0,"dead":0,"severe":null,"storeConfirm":null,"input":0},"total":{"confirm":34658,"suspect":0,"heal":0,"dead":28,"severe":0,"input":0},"extData":null,"lastUpdateTime":null},{"date":"2022-08-23","today":{"confirm":0,"suspect":null,"heal":0,"dead":0,"severe":null,"storeConfirm":null,"input":0},"total":{"confirm":34658,"suspect":0,"heal":0,"dead":28,"severe":0,"input":0},"extData":null,"lastUpdateTime":null},{"date":"2022-08-24","today":{"confirm":0,"suspect":null,"heal":0,"dead":0,"severe":null,"storeConfirm":null,"input":0},"total":{"confirm":34658,"suspect":0,"heal":0,"dead":28,"severe":0,"input":0},"extData":null,"lastUpdateTime":null},{"date":"2022-08-25","today":{"confirm":0,"suspect":null,"heal":0,"dead":0,"severe":null,"storeConfirm":null,"input":0},"total":{"confirm":34658,"suspect":0,"heal":0,"dead":28,"severe":0,"input":0},"extData":null,"lastUpdateTime":null},{"date":"2022-08-26","today":{"confirm":0,"suspect":null,"heal":0,"dead":0,"severe":null,"storeConfirm":null,"input":0},"total":{"confirm":34658,"suspect":0,"heal":0,"dead":28,"severe":0,"input":0},"extData":null,"lastUpdateTime":null},{"date":"2022-08-27","today":{"confirm":0,"suspect":null,"heal":0,"dead":0,"severe":null,"storeConfirm":null,"input":0},"total":{"confirm":34658,"suspect":0,"heal":0,"dead":28,"severe":0,"input":0},"extData":null,"lastUpdateTime":null},{"date":"2022-08-28","today":{"confirm":0,"suspect":null,"heal":0,"dead":0,"severe":null,"storeConfirm":null,"input":0},"total":{"confirm":34658,"suspect":0,"heal":0,"dead":28,"severe":0,"input":0},"extData":null,"lastUpdateTime":null},{"date":"2022-08-29","today":{"confirm":0,"suspect":null,"heal":0,"dead":0,"severe":null,"storeConfirm":null,"input":0},"total":{"confirm":34658,"suspect":0,"heal":0,"dead":28,"severe":0,"input":0},"extData":null,"lastUpdateTime":null},{"date":"2022-08-30","today":{"confirm":0,"suspect":null,"heal":0,"dead":0,"severe":null,"storeConfirm":null,"input":0},"total":{"confirm":34658,"suspect":0,"heal":0,"dead":28,"severe":0,"input":0},"extData":null,"lastUpdateTime":null},{"date":"2022-08-31","today":{"confirm":0,"suspect":null,"heal":0,"dead":0,"severe":null,"storeConfirm":null,"input":0},"total":{"confirm":34658,"suspect":0,"heal":0,"dead":28,"severe":0,"input":0},"extData":null,"lastUpdateTime":null},{"date":"2022-09-01","today":{"confirm":0,"suspect":null,"heal":0,"dead":0,"severe":null,"storeConfirm":null,"input":0},"total":{"confirm":34658,"suspect":0,"heal":0,"dead":28,"severe":0,"input":0},"extData":null,"lastUpdateTime":null},{"date":"2022-09-02","today":{"confirm":0,"suspect":null,"heal":0,"dead":0,"severe":null,"storeConfirm":null,"input":0},"total":{"confirm":34658,"suspect":0,"heal":0,"dead":28,"severe":0,"input":0},"extData":null,"lastUpdateTime":null},{"date":"2022-09-03","today":{"confirm":0,"suspect":null,"heal":0,"dead":0,"severe":null,"storeConfirm":null,"input":0},"total":{"confirm":34658,"suspect":0,"heal":0,"dead":28,"severe":0,"input":0},"extData":null,"lastUpdateTime":null},{"date":"2022-09-04","today":{"confirm":0,"suspect":null,"heal":0,"dead":0,"severe":null,"storeConfirm":null,"input":0},"total":{"confirm":34658,"suspect":0,"heal":0,"dead":28,"severe":0,"input":0},"extData":null,"lastUpdateTime":null},{"date":"2022-09-05","today":{"confirm":0,"suspect":null,"heal":0,"dead":0,"severe":null,"storeConfirm":null,"input":0},"total":{"confirm":34658,"suspect":0,"heal":0,"dead":28,"severe":0,"input":0},"extData":null,"lastUpdateTime":null},{"date":"2022-09-06","today":{"confirm":0,"suspect":null,"heal":0,"dead":0,"severe":null,"storeConfirm":null,"input":0},"total":{"confirm":34658,"suspect":0,"heal":0,"dead":28,"severe":0,"input":0},"extData":null,"lastUpdateTime":null},{"date":"2022-09-07","today":{"confirm":0,"suspect":null,"heal":0,"dead":0,"severe":null,"storeConfirm":null,"input":0},"total":{"confirm":34658,"suspect":0,"heal":0,"dead":28,"severe":0,"input":0},"extData":null,"lastUpdateTime":null},{"date":"2022-09-08","today":{"confirm":0,"suspect":null,"heal":0,"dead":0,"severe":null,"storeConfirm":null,"input":0},"total":{"confirm":34658,"suspect":0,"heal":0,"dead":28,"severe":0,"input":0},"extData":null,"lastUpdateTime":null},{"date":"2022-09-09","today":{"confirm":0,"suspect":null,"heal":0,"dead":0,"severe":null,"storeConfirm":null,"input":0},"total":{"confirm":34658,"suspect":0,"heal":0,"dead":28,"severe":0,"input":0},"extData":null,"lastUpdateTime":null},{"date":"2022-09-10","today":{"confirm":0,"suspect":null,"heal":0,"dead":0,"severe":null,"storeConfirm":null,"input":0},"total":{"confirm":34658,"suspect":0,"heal":0,"dead":28,"severe":0,"input":0},"extData":null,"lastUpdateTime":null},{"date":"2022-09-11","today":{"confirm":0,"suspect":null,"heal":0,"dead":0,"severe":null,"storeConfirm":null,"input":0},"total":{"confirm":34658,"suspect":0,"heal":0,"dead":28,"severe":0,"input":0},"extData":null,"lastUpdateTime":null},{"date":"2022-09-12","today":{"confirm":0,"suspect":null,"heal":0,"dead":0,"severe":null,"storeConfirm":null,"input":0},"total":{"confirm":34658,"suspect":0,"heal":0,"dead":28,"severe":0,"input":0},"extData":null,"lastUpdateTime":null},{"date":"2022-09-13","today":{"confirm":0,"suspect":null,"heal":0,"dead":0,"severe":null,"storeConfirm":null,"input":0},"total":{"confirm":34658,"suspect":0,"heal":0,"dead":28,"severe":0,"input":0},"extData":null,"lastUpdateTime":null},{"date":"2022-09-14","today":{"confirm":0,"suspect":null,"heal":0,"dead":0,"severe":null,"storeConfirm":null,"input":0},"total":{"confirm":34658,"suspect":0,"heal":0,"dead":28,"severe":0,"input":0},"extData":null,"lastUpdateTime":null},{"date":"2022-09-15","today":{"confirm":0,"suspect":null,"heal":0,"dead":0,"severe":null,"storeConfirm":null,"input":0},"total":{"confirm":34658,"suspect":0,"heal":0,"dead":28,"severe":0,"input":0},"extData":null,"lastUpdateTime":null},{"date":"2022-09-16","today":{"confirm":0,"suspect":null,"heal":0,"dead":0,"severe":null,"storeConfirm":null,"input":0},"total":{"confirm":34658,"suspect":0,"heal":0,"dead":28,"severe":0,"input":0},"extData":null,"lastUpdateTime":null},{"date":"2022-09-17","today":{"confirm":0,"suspect":null,"heal":0,"dead":0,"severe":null,"storeConfirm":null,"input":0},"total":{"confirm":34658,"suspect":0,"heal":0,"dead":28,"severe":0,"input":0},"extData":null,"lastUpdateTime":null},{"date":"2022-09-18","today":{"confirm":0,"suspect":null,"heal":0,"dead":0,"severe":null,"storeConfirm":null,"input":0},"total":{"confirm":34658,"suspect":0,"heal":0,"dead":28,"severe":0,"input":0},"extData":null,"lastUpdateTime":null},{"date":"2022-09-19","today":{"confirm":0,"suspect":null,"heal":0,"dead":0,"severe":null,"storeConfirm":null,"input":0},"total":{"confirm":34658,"suspect":0,"heal":0,"dead":28,"severe":0,"input":0},"extData":null,"lastUpdateTime":null},{"date":"2022-09-20","today":{"confirm":0,"suspect":null,"heal":0,"dead":0,"severe":null,"storeConfirm":null,"input":0},"total":{"confirm":34658,"suspect":0,"heal":0,"dead":28,"severe":0,"input":0},"extData":null,"lastUpdateTime":null},{"date":"2022-09-21","today":{"confirm":0,"suspect":null,"heal":0,"dead":0,"severe":null,"storeConfirm":null,"input":0},"total":{"confirm":34658,"suspect":0,"heal":0,"dead":28,"severe":0,"input":0},"extData":null,"lastUpdateTime":null},{"date":"2022-09-22","today":{"confirm":0,"suspect":null,"heal":0,"dead":0,"severe":null,"storeConfirm":null,"input":0},"total":{"confirm":34658,"suspect":0,"heal":0,"dead":28,"severe":0,"input":0},"extData":null,"lastUpdateTime":null},{"date":"2022-09-23","today":{"confirm":0,"suspect":null,"heal":0,"dead":0,"severe":null,"storeConfirm":null,"input":0},"total":{"confirm":34658,"suspect":0,"heal":0,"dead":28,"severe":0,"input":0},"extData":null,"lastUpdateTime":null},{"date":"2022-09-24","today":{"confirm":0,"suspect":null,"heal":0,"dead":0,"severe":null,"storeConfirm":null,"input":0},"total":{"confirm":34658,"suspect":0,"heal":0,"dead":28,"severe":0,"input":0},"extData":null,"lastUpdateTime":null},{"date":"2022-09-25","today":{"confirm":0,"suspect":null,"heal":0,"dead":0,"severe":null,"storeConfirm":null,"input":0},"total":{"confirm":34658,"suspect":0,"heal":0,"dead":28,"severe":0,"input":0},"extData":null,"lastUpdateTime":null},{"date":"2022-09-26","today":{"confirm":0,"suspect":null,"heal":0,"dead":0,"severe":null,"storeConfirm":null,"input":0},"total":{"confirm":34658,"suspect":0,"heal":0,"dead":28,"severe":0,"input":0},"extData":null,"lastUpdateTime":null},{"date":"2022-09-27","today":{"confirm":0,"suspect":null,"heal":0,"dead":0,"severe":null,"storeConfirm":null,"input":0},"total":{"confirm":34658,"suspect":0,"heal":0,"dead":28,"severe":0,"input":0},"extData":null,"lastUpdateTime":null},{"date":"2022-09-28","today":{"confirm":0,"suspect":null,"heal":0,"dead":0,"severe":null,"storeConfirm":null,"input":0},"total":{"confirm":34658,"suspect":0,"heal":0,"dead":28,"severe":0,"input":0},"extData":null,"lastUpdateTime":null},{"date":"2022-09-29","today":{"confirm":0,"suspect":null,"heal":0,"dead":0,"severe":null,"storeConfirm":null,"input":0},"total":{"confirm":34658,"suspect":0,"heal":0,"dead":28,"severe":0,"input":0},"extData":null,"lastUpdateTime":null},{"date":"2022-09-30","today":{"confirm":0,"suspect":null,"heal":0,"dead":0,"severe":null,"storeConfirm":null,"input":0},"total":{"confirm":34658,"suspect":0,"heal":0,"dead":28,"severe":0,"input":0},"extData":null,"lastUpdateTime":null},{"date":"2022-10-01","today":{"confirm":0,"suspect":null,"heal":0,"dead":0,"severe":null,"storeConfirm":null,"input":0},"total":{"confirm":34658,"suspect":0,"heal":0,"dead":28,"severe":0,"input":0},"extData":null,"lastUpdateTime":null},{"date":"2022-10-02","today":{"confirm":0,"suspect":null,"heal":0,"dead":0,"severe":null,"storeConfirm":null,"input":0},"total":{"confirm":34658,"suspect":0,"heal":0,"dead":28,"severe":0,"input":0},"extData":null,"lastUpdateTime":null},{"date":"2022-10-03","today":{"confirm":0,"suspect":null,"heal":0,"dead":0,"severe":null,"storeConfirm":null,"input":0},"total":{"confirm":34658,"suspect":0,"heal":0,"dead":28,"severe":0,"input":0},"extData":null,"lastUpdateTime":null},{"date":"2022-10-04","today":{"confirm":0,"suspect":null,"heal":0,"dead":0,"severe":null,"storeConfirm":null,"input":0},"total":{"confirm":34658,"suspect":0,"heal":0,"dead":28,"severe":0,"input":0},"extData":null,"lastUpdateTime":null},{"date":"2022-10-05","today":{"confirm":0,"suspect":null,"heal":0,"dead":0,"severe":null,"storeConfirm":null,"input":0},"total":{"confirm":34658,"suspect":0,"heal":0,"dead":28,"severe":0,"input":0},"extData":null,"lastUpdateTime":null},{"date":"2022-10-06","today":{"confirm":0,"suspect":null,"heal":0,"dead":0,"severe":null,"storeConfirm":null,"input":0},"total":{"confirm":34658,"suspect":0,"heal":0,"dead":28,"severe":0,"input":0},"extData":null,"lastUpdateTime":null},{"date":"2022-10-07","today":{"confirm":0,"suspect":null,"heal":0,"dead":0,"severe":null,"storeConfirm":null,"input":0},"total":{"confirm":34658,"suspect":0,"heal":0,"dead":28,"severe":0,"input":0},"extData":null,"lastUpdateTime":null},{"date":"2022-10-08","today":{"confirm":0,"suspect":null,"heal":0,"dead":0,"severe":null,"storeConfirm":null,"input":0},"total":{"confirm":34658,"suspect":0,"heal":0,"dead":28,"severe":0,"input":0},"extData":null,"lastUpdateTime":null},{"date":"2022-10-09","today":{"confirm":0,"suspect":null,"heal":0,"dead":0,"severe":null,"storeConfirm":null,"input":0},"total":{"confirm":34658,"suspect":0,"heal":0,"dead":28,"severe":0,"input":0},"extData":null,"lastUpdateTime":null},{"date":"2022-10-10","today":{"confirm":0,"suspect":null,"heal":0,"dead":0,"severe":null,"storeConfirm":null,"input":0},"total":{"confirm":34658,"suspect":0,"heal":0,"dead":28,"severe":0,"input":0},"extData":null,"lastUpdateTime":null},{"date":"2022-10-11","today":{"confirm":0,"suspect":null,"heal":0,"dead":0,"severe":null,"storeConfirm":null,"input":0},"total":{"confirm":34658,"suspect":0,"heal":0,"dead":28,"severe":0,"input":0},"extData":null,"lastUpdateTime":null},{"date":"2022-10-12","today":{"confirm":0,"suspect":null,"heal":0,"dead":0,"severe":null,"storeConfirm":null,"input":0},"total":{"confirm":34658,"suspect":0,"heal":0,"dead":28,"severe":0,"input":0},"extData":null,"lastUpdateTime":null},{"date":"2022-10-13","today":{"confirm":0,"suspect":null,"heal":0,"dead":0,"severe":null,"storeConfirm":null,"input":0},"total":{"confirm":34658,"suspect":0,"heal":0,"dead":28,"severe":0,"input":0},"extData":null,"lastUpdateTime":null},{"date":"2022-10-14","today":{"confirm":0,"suspect":null,"heal":0,"dead":0,"severe":null,"storeConfirm":null,"input":0},"total":{"confirm":34658,"suspect":0,"heal":0,"dead":28,"severe":0,"input":0},"extData":null,"lastUpdateTime":null},{"date":"2022-10-15","today":{"confirm":0,"suspect":null,"heal":0,"dead":0,"severe":null,"storeConfirm":null,"input":0},"total":{"confirm":34658,"suspect":0,"heal":0,"dead":28,"severe":0,"input":0},"extData":null,"lastUpdateTime":null},{"date":"2022-10-16","today":{"confirm":0,"suspect":null,"heal":0,"dead":0,"severe":null,"storeConfirm":null,"input":0},"total":{"confirm":34658,"suspect":0,"heal":0,"dead":28,"severe":0,"input":0},"extData":null,"lastUpdateTime":null},{"date":"2022-10-17","today":{"confirm":0,"suspect":null,"heal":0,"dead":0,"severe":null,"storeConfirm":null,"input":0},"total":{"confirm":34658,"suspect":0,"heal":0,"dead":28,"severe":0,"input":0},"extData":null,"lastUpdateTime":null},{"date":"2022-10-18","today":{"confirm":0,"suspect":null,"heal":0,"dead":0,"severe":null,"storeConfirm":null,"input":0},"total":{"confirm":34658,"suspect":0,"heal":0,"dead":28,"severe":0,"input":0},"extData":null,"lastUpdateTime":null},{"date":"2022-10-19","today":{"confirm":0,"suspect":null,"heal":0,"dead":0,"severe":null,"storeConfirm":null,"input":0},"total":{"confirm":34658,"suspect":0,"heal":0,"dead":28,"severe":0,"input":0},"extData":null,"lastUpdateTime":null},{"date":"2022-10-20","today":{"confirm":0,"suspect":null,"heal":0,"dead":0,"severe":null,"storeConfirm":null,"input":0},"total":{"confirm":34658,"suspect":0,"heal":0,"dead":28,"severe":0,"input":0},"extData":null,"lastUpdateTime":null},{"date":"2022-10-21","today":{"confirm":0,"suspect":null,"heal":0,"dead":0,"severe":null,"storeConfirm":null,"input":0},"total":{"confirm":34658,"suspect":0,"heal":0,"dead":28,"severe":0,"input":0},"extData":null,"lastUpdateTime":null},{"date":"2022-10-22","today":{"confirm":0,"suspect":null,"heal":0,"dead":0,"severe":null,"storeConfirm":null,"input":0},"total":{"confirm":34658,"suspect":0,"heal":0,"dead":28,"severe":0,"input":0},"extData":null,"lastUpdateTime":null},{"date":"2022-10-23","today":{"confirm":0,"suspect":null,"heal":0,"dead":0,"severe":null,"storeConfirm":null,"input":0},"total":{"confirm":34658,"suspect":0,"heal":0,"dead":28,"severe":0,"input":0},"extData":null,"lastUpdateTime":null},{"date":"2022-10-24","today":{"confirm":0,"suspect":null,"heal":0,"dead":0,"severe":null,"storeConfirm":null,"input":0},"total":{"confirm":34658,"suspect":0,"heal":0,"dead":28,"severe":0,"input":0},"extData":null,"lastUpdateTime":null},{"date":"2022-10-25","today":{"confirm":0,"suspect":null,"heal":0,"dead":0,"severe":null,"storeConfirm":null,"input":0},"total":{"confirm":34658,"suspect":0,"heal":0,"dead":28,"severe":0,"input":0},"extData":null,"lastUpdateTime":null},{"date":"2022-10-26","today":{"confirm":0,"suspect":null,"heal":0,"dead":0,"severe":null,"storeConfirm":null,"input":0},"total":{"confirm":34658,"suspect":0,"heal":0,"dead":28,"severe":0,"input":0},"extData":null,"lastUpdateTime":null},{"date":"2022-10-27","today":{"confirm":0,"suspect":null,"heal":0,"dead":0,"severe":null,"storeConfirm":null,"input":0},"total":{"confirm":34658,"suspect":0,"heal":0,"dead":28,"severe":0,"input":0},"extData":null,"lastUpdateTime":null},{"date":"2022-10-28","today":{"confirm":0,"suspect":null,"heal":0,"dead":0,"severe":null,"storeConfirm":null,"input":0},"total":{"confirm":34658,"suspect":0,"heal":0,"dead":28,"severe":0,"input":0},"extData":null,"lastUpdateTime":null},{"date":"2022-10-29","today":{"confirm":0,"suspect":null,"heal":0,"dead":0,"severe":null,"storeConfirm":null,"input":0},"total":{"confirm":34658,"suspect":0,"heal":0,"dead":28,"severe":0,"input":0},"extData":null,"lastUpdateTime":null},{"date":"2022-10-30","today":{"confirm":0,"suspect":null,"heal":0,"dead":0,"severe":null,"storeConfirm":null,"input":0},"total":{"confirm":34658,"suspect":0,"heal":0,"dead":28,"severe":0,"input":0},"extData":null,"lastUpdateTime":null},{"date":"2022-10-31","today":{"confirm":0,"suspect":null,"heal":0,"dead":0,"severe":null,"storeConfirm":null,"input":0},"total":{"confirm":34658,"suspect":0,"heal":0,"dead":28,"severe":0,"input":0},"extData":null,"lastUpdateTime":null},{"date":"2022-11-01","today":{"confirm":0,"suspect":null,"heal":0,"dead":0,"severe":null,"storeConfirm":null,"input":0},"total":{"confirm":34658,"suspect":0,"heal":0,"dead":28,"severe":0,"input":0},"extData":null,"lastUpdateTime":null},{"date":"2022-11-02","today":{"confirm":0,"suspect":null,"heal":0,"dead":0,"severe":null,"storeConfirm":null,"input":0},"total":{"confirm":34658,"suspect":0,"heal":0,"dead":28,"severe":0,"input":0},"extData":null,"lastUpdateTime":null},{"date":"2022-11-03","today":{"confirm":0,"suspect":null,"heal":0,"dead":0,"severe":null,"storeConfirm":null,"input":0},"total":{"confirm":34658,"suspect":0,"heal":0,"dead":28,"severe":0,"input":0},"extData":null,"lastUpdateTime":null},{"date":"2022-11-04","today":{"confirm":0,"suspect":null,"heal":0,"dead":0,"severe":null,"storeConfirm":null,"input":0},"total":{"confirm":34658,"suspect":0,"heal":0,"dead":28,"severe":0,"input":0},"extData":null,"lastUpdateTime":null},{"date":"2022-11-05","today":{"confirm":0,"suspect":null,"heal":0,"dead":0,"severe":null,"storeConfirm":null,"input":0},"total":{"confirm":34658,"suspect":0,"heal":0,"dead":28,"severe":0,"input":0},"extData":null,"lastUpdateTime":null},{"date":"2022-11-06","today":{"confirm":0,"suspect":null,"heal":0,"dead":0,"severe":null,"storeConfirm":null,"input":0},"total":{"confirm":34658,"suspect":0,"heal":0,"dead":28,"severe":0,"input":0},"extData":null,"lastUpdateTime":null},{"date":"2022-11-07","today":{"confirm":0,"suspect":null,"heal":0,"dead":0,"severe":null,"storeConfirm":null,"input":0},"total":{"confirm":34658,"suspect":0,"heal":0,"dead":28,"severe":0,"input":0},"extData":null,"lastUpdateTime":null},{"date":"2022-11-08","today":{"confirm":0,"suspect":null,"heal":0,"dead":0,"severe":null,"storeConfirm":null,"input":0},"total":{"confirm":34658,"suspect":0,"heal":0,"dead":28,"severe":0,"input":0},"extData":null,"lastUpdateTime":null},{"date":"2022-11-09","today":{"confirm":0,"suspect":null,"heal":0,"dead":0,"severe":null,"storeConfirm":null,"input":0},"total":{"confirm":34658,"suspect":0,"heal":0,"dead":28,"severe":0,"input":0},"extData":null,"lastUpdateTime":null},{"date":"2022-11-10","today":{"confirm":0,"suspect":null,"heal":0,"dead":0,"severe":null,"storeConfirm":null,"input":0},"total":{"confirm":34658,"suspect":0,"heal":0,"dead":28,"severe":0,"input":0},"extData":null,"lastUpdateTime":null},{"date":"2022-11-11","today":{"confirm":0,"suspect":null,"heal":0,"dead":0,"severe":null,"storeConfirm":null,"input":0},"total":{"confirm":34658,"suspect":0,"heal":0,"dead":28,"severe":0,"input":0},"extData":null,"lastUpdateTime":null},{"date":"2022-11-12","today":{"confirm":0,"suspect":null,"heal":0,"dead":0,"severe":null,"storeConfirm":null,"input":0},"total":{"confirm":34658,"suspect":0,"heal":0,"dead":28,"severe":0,"input":0},"extData":null,"lastUpdateTime":null},{"date":"2022-11-13","today":{"confirm":0,"suspect":null,"heal":0,"dead":0,"severe":null,"storeConfirm":null,"input":0},"total":{"confirm":34658,"suspect":0,"heal":0,"dead":28,"severe":0,"input":0},"extData":null,"lastUpdateTime":null},{"date":"2022-11-14","today":{"confirm":0,"suspect":null,"heal":0,"dead":0,"severe":null,"storeConfirm":null,"input":0},"total":{"confirm":34658,"suspect":0,"heal":0,"dead":28,"severe":0,"input":0},"extData":null,"lastUpdateTime":null},{"date":"2022-11-15","today":{"confirm":0,"suspect":null,"heal":0,"dead":0,"severe":null,"storeConfirm":null,"input":0},"total":{"confirm":34658,"suspect":0,"heal":0,"dead":28,"severe":0,"input":0},"extData":null,"lastUpdateTime":null},{"date":"2022-11-16","today":{"confirm":0,"suspect":null,"heal":0,"dead":0,"severe":null,"storeConfirm":null,"input":0},"total":{"confirm":34658,"suspect":0,"heal":0,"dead":28,"severe":0,"input":0},"extData":null,"lastUpdateTime":null},{"date":"2022-11-17","today":{"confirm":0,"suspect":null,"heal":0,"dead":0,"severe":null,"storeConfirm":null,"input":0},"total":{"confirm":34658,"suspect":0,"heal":0,"dead":28,"severe":0,"input":0},"extData":null,"lastUpdateTime":null},{"date":"2022-11-18","today":{"confirm":0,"suspect":null,"heal":0,"dead":0,"severe":null,"storeConfirm":null,"input":0},"total":{"confirm":34658,"suspect":0,"heal":0,"dead":28,"severe":0,"input":0},"extData":null,"lastUpdateTime":null},{"date":"2022-11-19","today":{"confirm":0,"suspect":null,"heal":0,"dead":0,"severe":null,"storeConfirm":null,"input":0},"total":{"confirm":34658,"suspect":0,"heal":0,"dead":28,"severe":0,"input":0},"extData":null,"lastUpdateTime":null},{"date":"2022-11-20","today":{"confirm":0,"suspect":null,"heal":0,"dead":0,"severe":null,"storeConfirm":null,"input":0},"total":{"confirm":34658,"suspect":0,"heal":0,"dead":28,"severe":0,"input":0},"extData":null,"lastUpdateTime":null},{"date":"2022-11-21","today":{"confirm":0,"suspect":null,"heal":0,"dead":0,"severe":null,"storeConfirm":null,"input":0},"total":{"confirm":34658,"suspect":0,"heal":0,"dead":28,"severe":0,"input":0},"extData":null,"lastUpdateTime":null},{"date":"2022-11-22","today":{"confirm":0,"suspect":null,"heal":0,"dead":0,"severe":null,"storeConfirm":null,"input":0},"total":{"confirm":34658,"suspect":0,"heal":0,"dead":28,"severe":0,"input":0},"extData":null,"lastUpdateTime":null},{"date":"2022-11-23","today":{"confirm":0,"suspect":null,"heal":0,"dead":0,"severe":null,"storeConfirm":null,"input":0},"total":{"confirm":34658,"suspect":0,"heal":0,"dead":28,"severe":0,"input":0},"extData":null,"lastUpdateTime":null},{"date":"2022-11-24","today":{"confirm":0,"suspect":null,"heal":0,"dead":0,"severe":null,"storeConfirm":null,"input":0},"total":{"confirm":34658,"suspect":0,"heal":0,"dead":28,"severe":0,"input":0},"extData":null,"lastUpdateTime":null},{"date":"2022-11-25","today":{"confirm":0,"suspect":null,"heal":0,"dead":0,"severe":null,"storeConfirm":null,"input":0},"total":{"confirm":34658,"suspect":0,"heal":0,"dead":28,"severe":0,"input":0},"extData":null,"lastUpdateTime":null},{"date":"2022-11-26","today":{"confirm":0,"suspect":null,"heal":0,"dead":0,"severe":null,"storeConfirm":null,"input":0},"total":{"confirm":34658,"suspect":0,"heal":0,"dead":28,"severe":0,"input":0},"extData":null,"lastUpdateTime":null},{"date":"2022-11-27","today":{"confirm":0,"suspect":null,"heal":0,"dead":0,"severe":null,"storeConfirm":null,"input":0},"total":{"confirm":34658,"suspect":0,"heal":0,"dead":28,"severe":0,"input":0},"extData":null,"lastUpdateTime":null},{"date":"2022-11-28","today":{"confirm":0,"suspect":null,"heal":0,"dead":0,"severe":null,"storeConfirm":null,"input":0},"total":{"confirm":34658,"suspect":0,"heal":0,"dead":28,"severe":0,"input":0},"extData":null,"lastUpdateTime":null},{"date":"2022-11-29","today":{"confirm":0,"suspect":null,"heal":0,"dead":0,"severe":null,"storeConfirm":null,"input":0},"total":{"confirm":34658,"suspect":0,"heal":0,"dead":28,"severe":0,"input":0},"extData":null,"lastUpdateTime":null},{"date":"2022-11-30","today":{"confirm":0,"suspect":null,"heal":0,"dead":0,"severe":null,"storeConfirm":null,"input":0},"total":{"confirm":34658,"suspect":0,"heal":0,"dead":28,"severe":0,"input":0},"extData":null,"lastUpdateTime":null},{"date":"2022-12-01","today":{"confirm":0,"suspect":null,"heal":0,"dead":0,"severe":null,"storeConfirm":null,"input":0},"total":{"confirm":34658,"suspect":0,"heal":0,"dead":28,"severe":0,"input":0},"extData":null,"lastUpdateTime":null},{"date":"2022-12-02","today":{"confirm":0,"suspect":null,"heal":0,"dead":0,"severe":null,"storeConfirm":null,"input":0},"total":{"confirm":34658,"suspect":0,"heal":0,"dead":28,"severe":0,"input":0},"extData":null,"lastUpdateTime":null},{"date":"2022-12-03","today":{"confirm":0,"suspect":null,"heal":0,"dead":0,"severe":null,"storeConfirm":null,"input":0},"total":{"confirm":34658,"suspect":0,"heal":0,"dead":28,"severe":0,"input":0},"extData":null,"lastUpdateTime":null},{"date":"2022-12-04","today":{"confirm":0,"suspect":null,"heal":0,"dead":0,"severe":null,"storeConfirm":null,"input":0},"total":{"confirm":34658,"suspect":0,"heal":0,"dead":28,"severe":0,"input":0},"extData":null,"lastUpdateTime":null},{"date":"2022-12-05","today":{"confirm":0,"suspect":null,"heal":0,"dead":0,"severe":null,"storeConfirm":null,"input":0},"total":{"confirm":34658,"suspect":0,"heal":0,"dead":28,"severe":0,"input":0},"extData":null,"lastUpdateTime":null},{"date":"2022-12-06","today":{"confirm":0,"suspect":null,"heal":0,"dead":0,"severe":null,"storeConfirm":null,"input":0},"total":{"confirm":34658,"suspect":0,"heal":0,"dead":28,"severe":0,"input":0},"extData":null,"lastUpdateTime":null},{"date":"2022-12-07","today":{"confirm":0,"suspect":null,"heal":0,"dead":0,"severe":null,"storeConfirm":null,"input":0},"total":{"confirm":34658,"suspect":0,"heal":0,"dead":28,"severe":0,"input":0},"extData":null,"lastUpdateTime":null},{"date":"2022-12-08","today":{"confirm":0,"suspect":null,"heal":0,"dead":0,"severe":null,"storeConfirm":null,"input":0},"total":{"confirm":34658,"suspect":0,"heal":0,"dead":28,"severe":0,"input":0},"extData":null,"lastUpdateTime":null},{"date":"2022-12-09","today":{"confirm":0,"suspect":null,"heal":0,"dead":0,"severe":null,"storeConfirm":null,"input":0},"total":{"confirm":34658,"suspect":0,"heal":0,"dead":28,"severe":0,"input":0},"extData":null,"lastUpdateTime":null},{"date":"2022-12-10","today":{"confirm":0,"suspect":null,"heal":0,"dead":0,"severe":null,"storeConfirm":null,"input":0},"total":{"confirm":34658,"suspect":0,"heal":0,"dead":28,"severe":0,"input":0},"extData":null,"lastUpdateTime":null},{"date":"2022-12-11","today":{"confirm":0,"suspect":null,"heal":0,"dead":0,"severe":null,"storeConfirm":null,"input":0},"total":{"confirm":34658,"suspect":0,"heal":0,"dead":28,"severe":0,"input":0},"extData":null,"lastUpdateTime":null},{"date":"2022-12-12","today":{"confirm":0,"suspect":null,"heal":0,"dead":0,"severe":null,"storeConfirm":null,"input":0},"total":{"confirm":34658,"suspect":0,"heal":0,"dead":28,"severe":0,"input":0},"extData":null,"lastUpdateTime":null},{"date":"2022-12-13","today":{"confirm":0,"suspect":null,"heal":0,"dead":0,"severe":null,"storeConfirm":null,"input":0},"total":{"confirm":34658,"suspect":0,"heal":0,"dead":28,"severe":0,"input":0},"extData":null,"lastUpdateTime":null},{"date":"2022-12-14","today":{"confirm":0,"suspect":null,"heal":0,"dead":0,"severe":null,"storeConfirm":null,"input":0},"total":{"confirm":34658,"suspect":0,"heal":0,"dead":28,"severe":0,"input":0},"extData":null,"lastUpdateTime":null},{"date":"2022-12-15","today":{"confirm":0,"suspect":null,"heal":0,"dead":0,"severe":null,"storeConfirm":null,"input":0},"total":{"confirm":34658,"suspect":0,"heal":0,"dead":28,"severe":0,"input":0},"extData":null,"lastUpdateTime":null},{"date":"2022-12-16","today":{"confirm":0,"suspect":null,"heal":0,"dead":0,"severe":null,"storeConfirm":null,"input":0},"total":{"confirm":34658,"suspect":0,"heal":0,"dead":28,"severe":0,"input":0},"extData":null,"lastUpdateTime":null},{"date":"2022-12-17","today":{"confirm":0,"suspect":null,"heal":0,"dead":0,"severe":null,"storeConfirm":null,"input":0},"total":{"confirm":34658,"suspect":0,"heal":0,"dead":28,"severe":0,"input":0},"extData":null,"lastUpdateTime":null},{"date":"2022-12-18","today":{"confirm":0,"suspect":null,"heal":0,"dead":0,"severe":null,"storeConfirm":null,"input":0},"total":{"confirm":34658,"suspect":0,"heal":0,"dead":28,"severe":0,"input":0},"extData":null,"lastUpdateTime":null},{"date":"2022-12-19","today":{"confirm":0,"suspect":null,"heal":0,"dead":0,"severe":null,"storeConfirm":null,"input":0},"total":{"confirm":34658,"suspect":0,"heal":0,"dead":28,"severe":0,"input":0},"extData":null,"lastUpdateTime":null},{"date":"2022-12-20","today":{"confirm":0,"suspect":null,"heal":0,"dead":0,"severe":null,"storeConfirm":null,"input":0},"total":{"confirm":34658,"suspect":0,"heal":0,"dead":28,"severe":0,"input":0},"extData":null,"lastUpdateTime":null},{"date":"2022-12-21","today":{"confirm":0,"suspect":null,"heal":0,"dead":0,"severe":null,"storeConfirm":null,"input":0},"total":{"confirm":34658,"suspect":0,"heal":0,"dead":28,"severe":0,"input":0},"extData":null,"lastUpdateTime":null},{"date":"2022-12-22","today":{"confirm":0,"suspect":null,"heal":0,"dead":0,"severe":null,"storeConfirm":null,"input":0},"total":{"confirm":34658,"suspect":0,"heal":0,"dead":28,"severe":0,"input":0},"extData":null,"lastUpdateTime":null},{"date":"2022-12-23","today":{"confirm":0,"suspect":null,"heal":0,"dead":0,"severe":null,"storeConfirm":null,"input":0},"total":{"confirm":34658,"suspect":0,"heal":0,"dead":28,"severe":0,"input":0},"extData":null,"lastUpdateTime":null},{"date":"2022-12-24","today":{"confirm":0,"suspect":null,"heal":0,"dead":0,"severe":null,"storeConfirm":null,"input":0},"total":{"confirm":34658,"suspect":0,"heal":0,"dead":28,"severe":0,"input":0},"extData":null,"lastUpdateTime":null},{"date":"2022-12-25","today":{"confirm":0,"suspect":null,"heal":0,"dead":0,"severe":null,"storeConfirm":null,"input":0},"total":{"confirm":34658,"suspect":0,"heal":0,"dead":28,"severe":0,"input":0},"extData":null,"lastUpdateTime":null},{"date":"2022-12-26","today":{"confirm":0,"suspect":null,"heal":0,"dead":0,"severe":null,"storeConfirm":null,"input":0},"total":{"confirm":34658,"suspect":0,"heal":0,"dead":28,"severe":0,"input":0},"extData":null,"lastUpdateTime":null},{"date":"2022-12-27","today":{"confirm":0,"suspect":null,"heal":0,"dead":0,"severe":null,"storeConfirm":null,"input":0},"total":{"confirm":34658,"suspect":0,"heal":0,"dead":28,"severe":0,"input":0},"extData":null,"lastUpdateTime":null}]},"timestamp":1687832273932}