{"reqId":16878322783456799,"code":10000,"msg":"成功","data":{"list":[{"date":"2020-03-14","today":{"confirm":3,"suspect":0,"heal":0,"dead":0,"severe":0,"storeConfirm":null},"total":{"confirm":3,"suspect":0,"heal":0,"dead":0,"severe":0,"input":0},"extData":null,"lastUpdateTime":null},{"date":"2020-03-25","today":{"confirm":20,"suspect":0,"heal":0,"dead":0,"severe":0,"storeConfirm":null,"input":0},"total":{"confirm":23,"suspect":0,"heal":0,"dead":0,"severe":0,"input":0},"extData":null,"lastUpdateTime":null},{"date":"2020-03-27","today":{"confirm":8,"suspect":0,"heal":0,"dead":2,"severe":0,"storeConfirm":null,"input":0},"total":{"confirm":31,"suspect":0,"heal":0,"dead":2,"severe":0,"input":0},"extData":null,"lastUpdateTime":null},{"date":"2020-03-31","today":{"confirm":33,"suspect":0,"heal":0,"dead":0,"severe":0,"storeConfirm":null,"input":0},"total":{"confirm":64,"suspect":0,"heal":0,"dead":2,"severe":0,"input":0},"extData":null,"lastUpdateTime":null},{"date":"2020-04-01","today":{"confirm":122,"suspect":0,"heal":0,"dead":9,"severe":0,"storeConfirm":null,"input":0},"total":{"confirm":186,"suspect":0,"heal":0,"dead":11,"severe":0,"input":0},"extData":null,"lastUpdateTime":null},{"date":"2020-04-02","today":{"confirm":100,"suspect":0,"heal":0,"dead":0,"severe":0,"storeConfirm":null,"input":0},"total":{"confirm":286,"suspect":0,"heal":0,"dead":11,"severe":0,"input":0},"extData":null,"lastUpdateTime":null},{"date":"2020-04-04","today":{"confirm":30,"suspect":0,"heal":0,"dead":1,"severe":0,"storeConfirm":null,"input":0},"total":{"confirm":316,"suspect":0,"heal":0,"dead":12,"severe":0,"input":0},"extData":null,"lastUpdateTime":null},{"date":"2020-04-16","today":{"confirm":0,"suspect":null,"heal":0,"dead":0,"severe":null,"storeConfirm":null,"input":0},"total":{"confirm":316,"suspect":0,"heal":0,"dead":12,"severe":0,"input":0},"extData":null,"lastUpdateTime":null},{"date":"2020-04-21","today":{"confirm":0,"suspect":null,"heal":0,"dead":0,"severe":null,"storeConfirm":null,"input":0},"total":{"confirm":316,"suspect":0,"heal":0,"dead":12,"severe":0,"input":0},"extData":null,"lastUpdateTime":null},{"date":"2020-04-22","today":{"confirm":0,"suspect":null,"heal":0,"dead":0,"severe":null,"storeConfirm":null,"input":0},"total":{"confirm":316,"suspect":0,"heal":0,"dead":12,"severe":0,"input":0},"extData":null,"lastUpdateTime":null},{"date":"2020-04-23","today":{"confirm":0,"suspect":null,"heal":0,"dead":0,"severe":null,"storeConfirm":null,"input":0},"total":{"confirm":316,"suspect":0,"heal":0,"dead":12,"severe":0,"input":0},"extData":null,"lastUpdateTime":null},{"date":"2020-04-29","today":{"confirm":1073,"suspect":0,"heal":0,"dead":41,"severe":0,"storeConfirm":null,"input":0},"total":{"confirm":1389,"suspect":0,"heal":0,"dead":53,"severe":0,"input":0},"extData":null,"lastUpdateTime":null},{"date":"2020-05-02","today":{"confirm":368,"suspect":0,"heal":0,"dead":42,"severe":0,"storeConfirm":null,"input":0},"total":{"confirm":1757,"suspect":0,"heal":0,"dead":95,"severe":0,"input":0},"extData":null,"lastUpdateTime":null},{"date":"2020-05-04","today":{"confirm":86,"suspect":0,"heal":0,"dead":2,"severe":0,"storeConfirm":null,"input":0},"total":{"confirm":1843,"suspect":0,"heal":0,"dead":97,"severe":0,"input":0},"extData":null,"lastUpdateTime":null},{"date":"2020-05-06","today":{"confirm":125,"suspect":0,"heal":0,"dead":2,"severe":0,"storeConfirm":null,"input":0},"total":{"confirm":1968,"suspect":0,"heal":0,"dead":99,"severe":0,"input":0},"extData":null,"lastUpdateTime":null},{"date":"2020-05-07","today":{"confirm":63,"suspect":0,"heal":0,"dead":3,"severe":0,"storeConfirm":null,"input":0},"total":{"confirm":2031,"suspect":0,"heal":0,"dead":102,"severe":0,"input":0},"extData":null,"lastUpdateTime":null},{"date":"2020-05-08","today":{"confirm":125,"suspect":0,"heal":0,"dead":5,"severe":0,"storeConfirm":null,"input":0},"total":{"confirm":2156,"suspect":0,"heal":0,"dead":107,"severe":0,"input":0},"extData":null,"lastUpdateTime":null},{"date":"2020-05-11","today":{"confirm":42,"suspect":0,"heal":0,"dead":4,"severe":0,"storeConfirm":null,"input":0},"total":{"confirm":2198,"suspect":0,"heal":0,"dead":111,"severe":0,"input":0},"extData":null,"lastUpdateTime":null},{"date":"2020-05-12","today":{"confirm":0,"suspect":null,"heal":0,"dead":0,"severe":null,"storeConfirm":null,"input":0},"total":{"confirm":2198,"suspect":0,"heal":0,"dead":111,"severe":0,"input":0},"extData":null,"lastUpdateTime":null},{"date":"2020-05-13","today":{"confirm":0,"suspect":null,"heal":0,"dead":0,"severe":null,"storeConfirm":null,"input":0},"total":{"confirm":2198,"suspect":0,"heal":0,"dead":111,"severe":0,"input":0},"extData":null,"lastUpdateTime":null},{"date":"2020-05-14","today":{"confirm":101,"suspect":0,"heal":0,"dead":3,"severe":0,"storeConfirm":null,"input":0},"total":{"confirm":2299,"suspect":0,"heal":0,"dead":114,"severe":0,"input":0},"extData":null,"lastUpdateTime":null},{"date":"2020-05-17","today":{"confirm":290,"suspect":0,"heal":0,"dead":8,"severe":0,"storeConfirm":null,"input":0},"total":{"confirm":2589,"suspect":0,"heal":0,"dead":122,"severe":0,"input":0},"extData":null,"lastUpdateTime":null},{"date":"2020-05-18","today":{"confirm":0,"suspect":null,"heal":0,"dead":0,"severe":null,"storeConfirm":null,"input":0},"total":{"confirm":2589,"suspect":0,"heal":0,"dead":122,"severe":0,"input":0},"extData":null,"lastUpdateTime":null},{"date":"2020-05-19","today":{"confirm":57,"suspect":0,"heal":0,"dead":1,"severe":0,"storeConfirm":null,"input":0},"total":{"confirm":2646,"suspect":0,"heal":0,"dead":123,"severe":0,"input":0},"extData":null,"lastUpdateTime":null},{"date":"2020-05-20","today":{"confirm":159,"suspect":0,"heal":0,"dead":1,"severe":0,"storeConfirm":null,"input":0},"total":{"confirm":2805,"suspect":0,"heal":0,"dead":124,"severe":0,"input":0},"extData":null,"lastUpdateTime":null},{"date":"2020-05-21","today":{"confirm":61,"suspect":0,"heal":0,"dead":1,"severe":0,"storeConfirm":null,"input":0},"total":{"confirm":2866,"suspect":0,"heal":0,"dead":125,"severe":0,"input":0},"extData":null,"lastUpdateTime":null},{"date":"2020-05-23","today":{"confirm":164,"suspect":0,"heal":0,"dead":1,"severe":0,"storeConfirm":null,"input":0},"total":{"confirm":3030,"suspect":0,"heal":0,"dead":126,"severe":0,"input":0},"extData":null,"lastUpdateTime":null},{"date":"2020-05-24","today":{"confirm":159,"suspect":0,"heal":0,"dead":1,"severe":0,"storeConfirm":null,"input":0},"total":{"confirm":3189,"suspect":0,"heal":0,"dead":127,"severe":0,"input":0},"extData":null,"lastUpdateTime":null},{"date":"2020-05-25","today":{"confirm":71,"suspect":0,"heal":0,"dead":2,"severe":0,"storeConfirm":null,"input":0},"total":{"confirm":3260,"suspect":0,"heal":0,"dead":129,"severe":0,"input":0},"extData":null,"lastUpdateTime":null},{"date":"2020-05-26","today":{"confirm":64,"suspect":0,"heal":0,"dead":0,"severe":0,"storeConfirm":null,"input":0},"total":{"confirm":3324,"suspect":0,"heal":0,"dead":129,"severe":0,"input":0},"extData":null,"lastUpdateTime":null},{"date":"2020-05-27","today":{"confirm":0,"suspect":null,"heal":0,"dead":0,"severe":null,"storeConfirm":null,"input":0},"total":{"confirm":3324,"suspect":0,"heal":0,"dead":129,"severe":0,"input":0},"extData":null,"lastUpdateTime":null},{"date":"2020-05-28","today":{"confirm":73,"suspect":0,"heal":0,"dead":0,"severe":0,"storeConfirm":null,"input":0},"total":{"confirm":3397,"suspect":0,"heal":0,"dead":129,"severe":0,"input":0},"extData":null,"lastUpdateTime":null},{"date":"2020-05-29","today":{"confirm":250,"suspect":0,"heal":0,"dead":3,"severe":0,"storeConfirm":null,"input":0},"total":{"confirm":3647,"suspect":0,"heal":0,"dead":132,"severe":0,"input":0},"extData":null,"lastUpdateTime":null},{"date":"2020-05-30","today":{"confirm":71,"suspect":0,"heal":0,"dead":1,"severe":0,"storeConfirm":null,"input":0},"total":{"confirm":3718,"suspect":0,"heal":0,"dead":133,"severe":0,"input":0},"extData":null,"lastUpdateTime":null},{"date":"2020-05-31","today":{"confirm":58,"suspect":0,"heal":0,"dead":3,"severe":0,"storeConfirm":null,"input":0},"total":{"confirm":3776,"suspect":0,"heal":0,"dead":136,"severe":0,"input":0},"extData":null,"lastUpdateTime":null},{"date":"2020-06-01","today":{"confirm":97,"suspect":0,"heal":0,"dead":0,"severe":0,"storeConfirm":null,"input":0},"total":{"confirm":3873,"suspect":0,"heal":0,"dead":136,"severe":0,"input":0},"extData":null,"lastUpdateTime":null},{"date":"2020-06-02","today":{"confirm":0,"suspect":null,"heal":0,"dead":0,"severe":null,"storeConfirm":null,"input":0},"total":{"confirm":3873,"suspect":0,"heal":0,"dead":136,"severe":0,"input":0},"extData":null,"lastUpdateTime":null},{"date":"2020-06-03","today":{"confirm":150,"suspect":0,"heal":0,"dead":4,"severe":0,"storeConfirm":null,"input":0},"total":{"confirm":4023,"suspect":0,"heal":0,"dead":140,"severe":0,"input":0},"extData":null,"lastUpdateTime":null},{"date":"2020-06-04","today":{"confirm":485,"suspect":0,"heal":0,"dead":0,"severe":0,"storeConfirm":null,"input":0},"total":{"confirm":4508,"suspect":0,"heal":0,"dead":140,"severe":0,"input":0},"extData":null,"lastUpdateTime":null},{"date":"2020-06-05","today":{"confirm":112,"suspect":0,"heal":0,"dead":1,"severe":0,"storeConfirm":null,"input":0},"total":{"confirm":4620,"suspect":0,"heal":0,"dead":141,"severe":0,"input":0},"extData":null,"lastUpdateTime":null},{"date":"2020-06-06","today":{"confirm":295,"suspect":0,"heal":0,"dead":1,"severe":0,"storeConfirm":null,"input":0},"total":{"confirm":4915,"suspect":0,"heal":0,"dead":142,"severe":0,"input":0},"extData":null,"lastUpdateTime":null},{"date":"2020-06-07","today":{"confirm":70,"suspect":0,"heal":0,"dead":0,"severe":0,"storeConfirm":null,"input":0},"total":{"confirm":4985,"suspect":0,"heal":0,"dead":142,"severe":0,"input":0},"extData":null,"lastUpdateTime":null},{"date":"2020-06-08","today":{"confirm":61,"suspect":0,"heal":0,"dead":0,"severe":0,"storeConfirm":null,"input":0},"total":{"confirm":5046,"suspect":0,"heal":0,"dead":142,"severe":0,"input":0},"extData":null,"lastUpdateTime":null},{"date":"2020-06-09","today":{"confirm":139,"suspect":0,"heal":0,"dead":0,"severe":0,"storeConfirm":null,"input":0},"total":{"confirm":5185,"suspect":0,"heal":0,"dead":142,"severe":0,"input":0},"extData":null,"lastUpdateTime":null},{"date":"2020-06-10","today":{"confirm":144,"suspect":0,"heal":0,"dead":1,"severe":0,"storeConfirm":null,"input":0},"total":{"confirm":5329,"suspect":0,"heal":0,"dead":143,"severe":0,"input":0},"extData":null,"lastUpdateTime":null},{"date":"2020-06-11","today":{"confirm":23,"suspect":0,"heal":0,"dead":1,"severe":0,"storeConfirm":null,"input":0},"total":{"confirm":5352,"suspect":0,"heal":0,"dead":144,"severe":0,"input":0},"extData":null,"lastUpdateTime":null},{"date":"2020-06-12","today":{"confirm":184,"suspect":0,"heal":0,"dead":2,"severe":0,"storeConfirm":null,"input":0},"total":{"confirm":5536,"suspect":0,"heal":0,"dead":146,"severe":0,"input":0},"extData":null,"lastUpdateTime":null}]},"timestamp":1687832278345}