{"reqId":16878323026082676,"code":10000,"msg":"成功","data":{"list":[{"date":"2020-03-26","today":{"confirm":3,"suspect":0,"heal":0,"dead":0,"severe":0,"storeConfirm":null},"total":{"confirm":3,"suspect":0,"heal":0,"dead":0,"severe":0,"input":0},"extData":null,"lastUpdateTime":null},{"date":"2020-03-30","today":{"confirm":6,"suspect":0,"heal":1,"dead":0,"severe":0,"storeConfirm":null,"input":0},"total":{"confirm":9,"suspect":0,"heal":1,"dead":0,"severe":0,"input":0},"extData":null,"lastUpdateTime":null},{"date":"2020-04-04","today":{"confirm":4,"suspect":0,"heal":0,"dead":0,"severe":0,"storeConfirm":null,"input":0},"total":{"confirm":13,"suspect":0,"heal":1,"dead":0,"severe":0,"input":0},"extData":null,"lastUpdateTime":null},{"date":"2020-04-07","today":{"confirm":1,"suspect":0,"heal":0,"dead":0,"severe":0,"storeConfirm":null,"input":0},"total":{"confirm":14,"suspect":0,"heal":1,"dead":0,"severe":0,"input":0},"extData":null,"lastUpdateTime":null},{"date":"2020-04-11","today":{"confirm":1,"suspect":0,"heal":0,"dead":0,"severe":0,"storeConfirm":null,"input":0},"total":{"confirm":15,"suspect":0,"heal":1,"dead":0,"severe":0,"input":0},"extData":null,"lastUpdateTime":null},{"date":"2020-04-21","today":{"confirm":0,"suspect":0,"heal":12,"dead":0,"severe":0,"storeConfirm":null,"input":0},"total":{"confirm":15,"suspect":0,"heal":13,"dead":0,"severe":0,"input":0},"extData":null,"lastUpdateTime":null},{"date":"2020-04-29","today":{"confirm":0,"suspect":0,"heal":2,"dead":0,"severe":0,"storeConfirm":null,"input":0},"total":{"confirm":15,"suspect":0,"heal":15,"dead":0,"severe":0,"input":0},"extData":null,"lastUpdateTime":null},{"date":"2020-05-03","today":{"confirm":2,"suspect":0,"heal":0,"dead":0,"severe":0,"storeConfirm":null,"input":0},"total":{"confirm":17,"suspect":0,"heal":15,"dead":0,"severe":0,"input":0},"extData":null,"lastUpdateTime":null},{"date":"2020-05-05","today":{"confirm":1,"suspect":0,"heal":0,"dead":0,"severe":0,"storeConfirm":null,"input":0},"total":{"confirm":18,"suspect":0,"heal":15,"dead":0,"severe":0,"input":0},"extData":null,"lastUpdateTime":null},{"date":"2020-05-06","today":{"confirm":0,"suspect":null,"heal":0,"dead":0,"severe":null,"storeConfirm":null,"input":0},"total":{"confirm":18,"suspect":0,"heal":15,"dead":0,"severe":0,"input":0},"extData":null,"lastUpdateTime":null},{"date":"2020-05-07","today":{"confirm":0,"suspect":0,"heal":2,"dead":0,"severe":0,"storeConfirm":null,"input":0},"total":{"confirm":18,"suspect":0,"heal":17,"dead":0,"severe":0,"input":0},"extData":null,"lastUpdateTime":null},{"date":"2020-05-08","today":{"confirm":0,"suspect":null,"heal":0,"dead":0,"severe":null,"storeConfirm":null,"input":0},"total":{"confirm":18,"suspect":0,"heal":17,"dead":0,"severe":0,"input":0},"extData":null,"lastUpdateTime":null},{"date":"2020-05-11","today":{"confirm":0,"suspect":null,"heal":0,"dead":0,"severe":null,"storeConfirm":null,"input":0},"total":{"confirm":18,"suspect":0,"heal":17,"dead":0,"severe":0,"input":0},"extData":null,"lastUpdateTime":null},{"date":"2020-05-12","today":{"confirm":0,"suspect":null,"heal":0,"dead":0,"severe":null,"storeConfirm":null,"input":0},"total":{"confirm":18,"suspect":0,"heal":17,"dead":0,"severe":0,"input":0},"extData":null,"lastUpdateTime":null},{"date":"2020-05-14","today":{"confirm":0,"suspect":0,"heal":1,"dead":0,"severe":0,"storeConfirm":null,"input":0},"total":{"confirm":18,"suspect":0,"heal":18,"dead":0,"severe":0,"input":0},"extData":null,"lastUpdateTime":null},{"date":"2020-05-17","today":{"confirm":0,"suspect":null,"heal":0,"dead":0,"severe":null,"storeConfirm":null,"input":0},"total":{"confirm":18,"suspect":0,"heal":18,"dead":0,"severe":0,"input":0},"extData":null,"lastUpdateTime":null},{"date":"2020-05-18","today":{"confirm":0,"suspect":null,"heal":0,"dead":0,"severe":null,"storeConfirm":null,"input":0},"total":{"confirm":18,"suspect":0,"heal":18,"dead":0,"severe":0,"input":0},"extData":null,"lastUpdateTime":null},{"date":"2020-05-19","today":{"confirm":0,"suspect":null,"heal":0,"dead":0,"severe":null,"storeConfirm":null,"input":0},"total":{"confirm":18,"suspect":0,"heal":18,"dead":0,"severe":0,"input":0},"extData":null,"lastUpdateTime":null},{"date":"2020-05-20","today":{"confirm":0,"suspect":null,"heal":0,"dead":0,"severe":null,"storeConfirm":null,"input":0},"total":{"confirm":18,"suspect":0,"heal":18,"dead":0,"severe":0,"input":0},"extData":null,"lastUpdateTime":null},{"date":"2020-05-21","today":{"confirm":0,"suspect":null,"heal":0,"dead":0,"severe":null,"storeConfirm":null,"input":0},"total":{"confirm":18,"suspect":0,"heal":18,"dead":0,"severe":0,"input":0},"extData":null,"lastUpdateTime":null},{"date":"2020-05-22","today":{"confirm":0,"suspect":null,"heal":0,"dead":0,"severe":null,"storeConfirm":null,"input":0},"total":{"confirm":18,"suspect":0,"heal":18,"dead":0,"severe":0,"input":0},"extData":null,"lastUpdateTime":null},{"date":"2020-05-23","today":{"confirm":0,"suspect":null,"heal":0,"dead":0,"severe":null,"storeConfirm":null,"input":0},"total":{"confirm":18,"suspect":0,"heal":18,"dead":0,"severe":0,"input":0},"extData":null,"lastUpdateTime":null},{"date":"2020-05-24","today":{"confirm":0,"suspect":null,"heal":0,"dead":0,"severe":null,"storeConfirm":null,"input":0},"total":{"confirm":18,"suspect":0,"heal":18,"dead":0,"severe":0,"input":0},"extData":null,"lastUpdateTime":null},{"date":"2020-05-25","today":{"confirm":0,"suspect":null,"heal":0,"dead":0,"severe":null,"storeConfirm":null,"input":0},"total":{"confirm":18,"suspect":0,"heal":18,"dead":0,"severe":0,"input":0},"extData":null,"lastUpdateTime":null},{"date":"2020-05-26","today":{"confirm":0,"suspect":null,"heal":0,"dead":0,"severe":null,"storeConfirm":null,"input":0},"total":{"confirm":18,"suspect":0,"heal":18,"dead":0,"severe":0,"input":0},"extData":null,"lastUpdateTime":null},{"date":"2020-05-27","today":{"confirm":0,"suspect":null,"heal":0,"dead":0,"severe":null,"storeConfirm":null,"input":0},"total":{"confirm":18,"suspect":0,"heal":18,"dead":0,"severe":0,"input":0},"extData":null,"lastUpdateTime":null},{"date":"2020-05-28","today":{"confirm":0,"suspect":null,"heal":0,"dead":0,"severe":null,"storeConfirm":null,"input":0},"total":{"confirm":18,"suspect":0,"heal":18,"dead":0,"severe":0,"input":0},"extData":null,"lastUpdateTime":null},{"date":"2020-05-29","today":{"confirm":0,"suspect":null,"heal":0,"dead":0,"severe":null,"storeConfirm":null,"input":0},"total":{"confirm":18,"suspect":0,"heal":18,"dead":0,"severe":0,"input":0},"extData":null,"lastUpdateTime":null},{"date":"2020-05-30","today":{"confirm":0,"suspect":null,"heal":0,"dead":0,"severe":null,"storeConfirm":null,"input":0},"total":{"confirm":18,"suspect":0,"heal":18,"dead":0,"severe":0,"input":0},"extData":null,"lastUpdateTime":null},{"date":"2020-05-31","today":{"confirm":0,"suspect":null,"heal":0,"dead":0,"severe":null,"storeConfirm":null,"input":0},"total":{"confirm":18,"suspect":0,"heal":18,"dead":0,"severe":0,"input":0},"extData":null,"lastUpdateTime":null},{"date":"2020-06-01","today":{"confirm":0,"suspect":null,"heal":0,"dead":0,"severe":null,"storeConfirm":null,"input":0},"total":{"confirm":18,"suspect":0,"heal":18,"dead":0,"severe":0,"input":0},"extData":null,"lastUpdateTime":null},{"date":"2020-06-03","today":{"confirm":0,"suspect":null,"heal":0,"dead":0,"severe":null,"storeConfirm":null,"input":0},"total":{"confirm":18,"suspect":0,"heal":18,"dead":0,"severe":0,"input":0},"extData":null,"lastUpdateTime":null},{"date":"2020-06-04","today":{"confirm":1,"suspect":0,"heal":0,"dead":0,"severe":0,"storeConfirm":null,"input":0},"total":{"confirm":19,"suspect":0,"heal":18,"dead":0,"severe":0,"input":0},"extData":null,"lastUpdateTime":null},{"date":"2020-06-05","today":{"confirm":0,"suspect":null,"heal":0,"dead":0,"severe":null,"storeConfirm":null,"input":0},"total":{"confirm":19,"suspect":0,"heal":18,"dead":0,"severe":0,"input":0},"extData":null,"lastUpdateTime":null},{"date":"2020-06-08","today":{"confirm":0,"suspect":null,"heal":0,"dead":0,"severe":null,"storeConfirm":null,"input":0},"total":{"confirm":19,"suspect":0,"heal":18,"dead":0,"severe":0,"input":0},"extData":null,"lastUpdateTime":null},{"date":"2020-06-10","today":{"confirm":0,"suspect":null,"heal":0,"dead":0,"severe":null,"storeConfirm":null,"input":0},"total":{"confirm":19,"suspect":0,"heal":18,"dead":0,"severe":0,"input":0},"extData":null,"lastUpdateTime":null},{"date":"2020-06-11","today":{"confirm":0,"suspect":null,"heal":0,"dead":0,"severe":null,"storeConfirm":null,"input":0},"total":{"confirm":19,"suspect":0,"heal":18,"dead":0,"severe":0,"input":0},"extData":null,"lastUpdateTime":null}]},"timestamp":1687832302608}