{"reqId":16878322888422036,"code":10000,"msg":"成功","data":{"list":[{"date":"2020-03-14","today":{"confirm":1,"suspect":0,"heal":0,"dead":0,"severe":0,"storeConfirm":null},"total":{"confirm":1,"suspect":0,"heal":0,"dead":0,"severe":0,"input":0},"extData":null,"lastUpdateTime":null},{"date":"2020-03-22","today":{"confirm":27,"suspect":0,"heal":0,"dead":1,"severe":0,"storeConfirm":null,"input":0},"total":{"confirm":28,"suspect":0,"heal":0,"dead":1,"severe":0,"input":0},"extData":null,"lastUpdateTime":null},{"date":"2020-03-25","today":{"confirm":43,"suspect":0,"heal":0,"dead":0,"severe":0,"storeConfirm":null,"input":0},"total":{"confirm":71,"suspect":0,"heal":0,"dead":1,"severe":0,"input":0},"extData":null,"lastUpdateTime":null},{"date":"2020-03-26","today":{"confirm":0,"suspect":0,"heal":0,"dead":0,"severe":0,"storeConfirm":null,"input":0},"total":{"confirm":71,"suspect":0,"heal":0,"dead":1,"severe":0,"input":0},"extData":null,"lastUpdateTime":null},{"date":"2020-03-28","today":{"confirm":20,"suspect":0,"heal":0,"dead":0,"severe":0,"storeConfirm":null,"input":0},"total":{"confirm":91,"suspect":0,"heal":0,"dead":1,"severe":0,"input":0},"extData":null,"lastUpdateTime":null},{"date":"2020-03-29","today":{"confirm":3,"suspect":0,"heal":1,"dead":0,"severe":0,"storeConfirm":null,"input":0},"total":{"confirm":94,"suspect":0,"heal":1,"dead":1,"severe":0,"input":0},"extData":null,"lastUpdateTime":null},{"date":"2020-04-07","today":{"confirm":51,"suspect":0,"heal":22,"dead":0,"severe":0,"storeConfirm":null,"input":0},"total":{"confirm":145,"suspect":0,"heal":23,"dead":1,"severe":0,"input":0},"extData":null,"lastUpdateTime":null},{"date":"2020-04-09","today":{"confirm":39,"suspect":0,"heal":7,"dead":4,"severe":0,"storeConfirm":null,"input":0},"total":{"confirm":184,"suspect":0,"heal":30,"dead":5,"severe":0,"input":0},"extData":null,"lastUpdateTime":null},{"date":"2020-04-11","today":{"confirm":66,"suspect":0,"heal":22,"dead":2,"severe":0,"storeConfirm":null,"input":0},"total":{"confirm":250,"suspect":0,"heal":52,"dead":7,"severe":0,"input":0},"extData":null,"lastUpdateTime":null},{"date":"2020-04-16","today":{"confirm":137,"suspect":0,"heal":0,"dead":1,"severe":0,"storeConfirm":null,"input":0},"total":{"confirm":387,"suspect":0,"heal":52,"dead":8,"severe":0,"input":0},"extData":null,"lastUpdateTime":null},{"date":"2020-04-21","today":{"confirm":0,"suspect":null,"heal":0,"dead":0,"severe":null,"storeConfirm":null,"input":0},"total":{"confirm":387,"suspect":0,"heal":52,"dead":8,"severe":0,"input":0},"extData":null,"lastUpdateTime":null},{"date":"2020-04-22","today":{"confirm":0,"suspect":null,"heal":0,"dead":0,"severe":null,"storeConfirm":null,"input":0},"total":{"confirm":387,"suspect":0,"heal":52,"dead":8,"severe":0,"input":0},"extData":null,"lastUpdateTime":null},{"date":"2020-04-28","today":{"confirm":123,"suspect":0,"heal":41,"dead":4,"severe":0,"storeConfirm":null,"input":0},"total":{"confirm":510,"suspect":0,"heal":93,"dead":12,"severe":0,"input":0},"extData":null,"lastUpdateTime":null},{"date":"2020-04-29","today":{"confirm":280,"suspect":0,"heal":139,"dead":10,"severe":0,"storeConfirm":null,"input":0},"total":{"confirm":790,"suspect":0,"heal":232,"dead":22,"severe":0,"input":0},"extData":null,"lastUpdateTime":null},{"date":"2020-05-02","today":{"confirm":23,"suspect":0,"heal":57,"dead":0,"severe":0,"storeConfirm":null,"input":0},"total":{"confirm":813,"suspect":0,"heal":289,"dead":22,"severe":0,"input":0},"extData":null,"lastUpdateTime":null},{"date":"2020-05-07","today":{"confirm":0,"suspect":null,"heal":0,"dead":0,"severe":null,"storeConfirm":null,"input":0},"total":{"confirm":813,"suspect":0,"heal":289,"dead":22,"severe":0,"input":0},"extData":null,"lastUpdateTime":null},{"date":"2020-05-12","today":{"confirm":0,"suspect":null,"heal":0,"dead":0,"severe":null,"storeConfirm":null,"input":0},"total":{"confirm":813,"suspect":0,"heal":289,"dead":22,"severe":0,"input":0},"extData":null,"lastUpdateTime":null},{"date":"2020-05-23","today":{"confirm":0,"suspect":null,"heal":0,"dead":0,"severe":null,"storeConfirm":null,"input":0},"total":{"confirm":813,"suspect":0,"heal":289,"dead":22,"severe":0,"input":0},"extData":null,"lastUpdateTime":null},{"date":"2020-05-24","today":{"confirm":0,"suspect":null,"heal":0,"dead":0,"severe":null,"storeConfirm":null,"input":0},"total":{"confirm":813,"suspect":0,"heal":289,"dead":22,"severe":0,"input":0},"extData":null,"lastUpdateTime":null},{"date":"2020-05-26","today":{"confirm":225,"suspect":0,"heal":502,"dead":8,"severe":0,"storeConfirm":null,"input":0},"total":{"confirm":1038,"suspect":0,"heal":791,"dead":30,"severe":0,"input":0},"extData":null,"lastUpdateTime":null},{"date":"2020-05-27","today":{"confirm":9,"suspect":0,"heal":0,"dead":0,"severe":0,"storeConfirm":null,"input":0},"total":{"confirm":1047,"suspect":0,"heal":791,"dead":30,"severe":0,"input":0},"extData":null,"lastUpdateTime":null},{"date":"2020-05-30","today":{"confirm":17,"suspect":0,"heal":0,"dead":0,"severe":0,"storeConfirm":null,"input":0},"total":{"confirm":1064,"suspect":0,"heal":791,"dead":30,"severe":0,"input":0},"extData":null,"lastUpdateTime":null},{"date":"2020-05-31","today":{"confirm":0,"suspect":0,"heal":38,"dead":0,"severe":0,"storeConfirm":null,"input":0},"total":{"confirm":1064,"suspect":0,"heal":829,"dead":30,"severe":0,"input":0},"extData":null,"lastUpdateTime":null},{"date":"2020-06-01","today":{"confirm":0,"suspect":null,"heal":0,"dead":0,"severe":null,"storeConfirm":null,"input":0},"total":{"confirm":1064,"suspect":0,"heal":829,"dead":30,"severe":0,"input":0},"extData":null,"lastUpdateTime":null},{"date":"2020-06-03","today":{"confirm":59,"suspect":0,"heal":18,"dead":0,"severe":0,"storeConfirm":null,"input":0},"total":{"confirm":1123,"suspect":0,"heal":847,"dead":30,"severe":0,"input":0},"extData":null,"lastUpdateTime":null},{"date":"2020-06-05","today":{"confirm":19,"suspect":0,"heal":24,"dead":0,"severe":0,"storeConfirm":null,"input":0},"total":{"confirm":1142,"suspect":0,"heal":871,"dead":30,"severe":0,"input":0},"extData":null,"lastUpdateTime":null},{"date":"2020-06-06","today":{"confirm":0,"suspect":null,"heal":0,"dead":0,"severe":null,"storeConfirm":null,"input":0},"total":{"confirm":1142,"suspect":0,"heal":871,"dead":30,"severe":0,"input":0},"extData":null,"lastUpdateTime":null},{"date":"2020-06-08","today":{"confirm":0,"suspect":null,"heal":0,"dead":0,"severe":null,"storeConfirm":null,"input":0},"total":{"confirm":1142,"suspect":0,"heal":871,"dead":30,"severe":0,"input":0},"extData":null,"lastUpdateTime":null},{"date":"2020-06-09","today":{"confirm":121,"suspect":0,"heal":41,"dead":1,"severe":0,"storeConfirm":null,"input":0},"total":{"confirm":1263,"suspect":0,"heal":912,"dead":31,"severe":0,"input":0},"extData":null,"lastUpdateTime":null},{"date":"2020-06-10","today":{"confirm":6,"suspect":0,"heal":0,"dead":0,"severe":0,"storeConfirm":null,"input":0},"total":{"confirm":1269,"suspect":0,"heal":912,"dead":31,"severe":0,"input":0},"extData":null,"lastUpdateTime":null},{"date":"2020-06-11","today":{"confirm":29,"suspect":0,"heal":0,"dead":0,"severe":0,"storeConfirm":null,"input":0},"total":{"confirm":1298,"suspect":0,"heal":912,"dead":31,"severe":0,"input":0},"extData":null,"lastUpdateTime":null},{"date":"2020-06-12","today":{"confirm":28,"suspect":0,"heal":9,"dead":0,"severe":0,"storeConfirm":null,"input":0},"total":{"confirm":1326,"suspect":0,"heal":921,"dead":31,"severe":0,"input":0},"extData":null,"lastUpdateTime":null},{"date":"2020-06-13","today":{"confirm":0,"suspect":null,"heal":0,"dead":0,"severe":null,"storeConfirm":null,"input":0},"total":{"confirm":1326,"suspect":0,"heal":921,"dead":31,"severe":0,"input":0},"extData":null,"lastUpdateTime":null},{"date":"2020-06-14","today":{"confirm":0,"suspect":null,"heal":0,"dead":0,"severe":null,"storeConfirm":null,"input":0},"total":{"confirm":1326,"suspect":0,"heal":921,"dead":31,"severe":0,"input":0},"extData":null,"lastUpdateTime":null}]},"timestamp":1687832288842}