{"reqId":16878322660589393,"code":10000,"msg":"成功","data":{"list":[{"date":"2020-03-09","today":{"confirm":2,"suspect":0,"heal":0,"dead":0,"severe":0,"storeConfirm":null},"total":{"confirm":2,"suspect":0,"heal":0,"dead":0,"severe":0,"input":0},"extData":null,"lastUpdateTime":null},{"date":"2020-03-10","today":{"confirm":4,"suspect":0,"heal":0,"dead":0,"severe":0,"storeConfirm":null,"input":0},"total":{"confirm":6,"suspect":0,"heal":0,"dead":0,"severe":0,"input":0},"extData":null,"lastUpdateTime":null},{"date":"2020-03-11","today":{"confirm":9,"suspect":0,"heal":0,"dead":0,"severe":0,"storeConfirm":null,"input":0},"total":{"confirm":15,"suspect":0,"heal":0,"dead":0,"severe":0,"input":0},"extData":null,"lastUpdateTime":null},{"date":"2020-03-12","today":{"confirm":8,"suspect":0,"heal":0,"dead":0,"severe":0,"storeConfirm":null,"input":0},"total":{"confirm":23,"suspect":0,"heal":0,"dead":0,"severe":0,"input":0},"extData":null,"lastUpdateTime":null},{"date":"2020-03-13","today":{"confirm":10,"suspect":0,"heal":0,"dead":1,"severe":0,"storeConfirm":null,"input":0},"total":{"confirm":33,"suspect":0,"heal":0,"dead":1,"severe":0,"input":0},"extData":null,"lastUpdateTime":null},{"date":"2020-03-14","today":{"confirm":5,"suspect":0,"heal":0,"dead":0,"severe":0,"storeConfirm":null,"input":0},"total":{"confirm":38,"suspect":0,"heal":0,"dead":1,"severe":0,"input":0},"extData":null,"lastUpdateTime":null},{"date":"2020-03-15","today":{"confirm":4,"suspect":0,"heal":0,"dead":0,"severe":0,"storeConfirm":null,"input":0},"total":{"confirm":42,"suspect":0,"heal":0,"dead":1,"severe":0,"input":0},"extData":null,"lastUpdateTime":null},{"date":"2020-03-18","today":{"confirm":13,"suspect":0,"heal":0,"dead":0,"severe":0,"storeConfirm":null,"input":0},"total":{"confirm":55,"suspect":0,"heal":0,"dead":1,"severe":0,"input":0},"extData":null,"lastUpdateTime":null},{"date":"2020-03-20","today":{"confirm":15,"suspect":0,"heal":0,"dead":0,"severe":0,"storeConfirm":null,"input":0},"total":{"confirm":70,"suspect":0,"heal":0,"dead":1,"severe":0,"input":0},"extData":null,"lastUpdateTime":null},{"date":"2020-03-21","today":{"confirm":6,"suspect":0,"heal":0,"dead":1,"severe":0,"storeConfirm":null,"input":0},"total":{"confirm":76,"suspect":0,"heal":0,"dead":2,"severe":0,"input":0},"extData":null,"lastUpdateTime":null},{"date":"2020-03-23","today":{"confirm":28,"suspect":0,"heal":0,"dead":0,"severe":0,"storeConfirm":null,"input":0},"total":{"confirm":104,"suspect":0,"heal":0,"dead":2,"severe":0,"input":0},"extData":null,"lastUpdateTime":null},{"date":"2020-03-24","today":{"confirm":19,"suspect":0,"heal":10,"dead":3,"severe":0,"storeConfirm":null,"input":0},"total":{"confirm":123,"suspect":0,"heal":10,"dead":5,"severe":0,"input":0},"extData":null,"lastUpdateTime":null},{"date":"2020-03-25","today":{"confirm":23,"suspect":0,"heal":0,"dead":0,"severe":0,"storeConfirm":null,"input":0},"total":{"confirm":146,"suspect":0,"heal":10,"dead":5,"severe":0,"input":0},"extData":null,"lastUpdateTime":null},{"date":"2020-03-26","today":{"confirm":28,"suspect":0,"heal":7,"dead":0,"severe":0,"storeConfirm":null,"input":0},"total":{"confirm":174,"suspect":0,"heal":17,"dead":5,"severe":0,"input":0},"extData":null,"lastUpdateTime":null},{"date":"2020-03-27","today":{"confirm":12,"suspect":0,"heal":0,"dead":3,"severe":0,"storeConfirm":null,"input":0},"total":{"confirm":186,"suspect":0,"heal":17,"dead":8,"severe":0,"input":0},"extData":null,"lastUpdateTime":null},{"date":"2020-03-28","today":{"confirm":11,"suspect":0,"heal":0,"dead":2,"severe":0,"storeConfirm":null,"input":0},"total":{"confirm":197,"suspect":0,"heal":17,"dead":10,"severe":0,"input":0},"extData":null,"lastUpdateTime":null},{"date":"2020-03-29","today":{"confirm":15,"suspect":0,"heal":0,"dead":0,"severe":0,"storeConfirm":null,"input":0},"total":{"confirm":212,"suspect":0,"heal":17,"dead":10,"severe":0,"input":0},"extData":null,"lastUpdateTime":null},{"date":"2020-03-30","today":{"confirm":11,"suspect":0,"heal":27,"dead":1,"severe":0,"storeConfirm":null,"input":0},"total":{"confirm":223,"suspect":0,"heal":44,"dead":11,"severe":0,"input":0},"extData":null,"lastUpdateTime":null},{"date":"2020-03-31","today":{"confirm":20,"suspect":0,"heal":8,"dead":4,"severe":0,"storeConfirm":null,"input":0},"total":{"confirm":243,"suspect":0,"heal":52,"dead":15,"severe":0,"input":0},"extData":null,"lastUpdateTime":null},{"date":"2020-04-01","today":{"confirm":16,"suspect":0,"heal":0,"dead":0,"severe":0,"storeConfirm":null,"input":0},"total":{"confirm":259,"suspect":0,"heal":52,"dead":15,"severe":0,"input":0},"extData":null,"lastUpdateTime":null},{"date":"2020-04-02","today":{"confirm":18,"suspect":0,"heal":0,"dead":1,"severe":0,"storeConfirm":null,"input":0},"total":{"confirm":277,"suspect":0,"heal":52,"dead":16,"severe":0,"input":0},"extData":null,"lastUpdateTime":null},{"date":"2020-04-03","today":{"confirm":27,"suspect":0,"heal":0,"dead":1,"severe":0,"storeConfirm":null,"input":0},"total":{"confirm":304,"suspect":0,"heal":52,"dead":17,"severe":0,"input":0},"extData":null,"lastUpdateTime":null},{"date":"2020-04-04","today":{"confirm":29,"suspect":0,"heal":47,"dead":1,"severe":0,"storeConfirm":null,"input":0},"total":{"confirm":333,"suspect":0,"heal":99,"dead":18,"severe":0,"input":0},"extData":null,"lastUpdateTime":null},{"date":"2020-04-06","today":{"confirm":44,"suspect":0,"heal":17,"dead":3,"severe":0,"storeConfirm":null,"input":0},"total":{"confirm":377,"suspect":0,"heal":116,"dead":21,"severe":0,"input":0},"extData":null,"lastUpdateTime":null},{"date":"2020-04-07","today":{"confirm":7,"suspect":0,"heal":15,"dead":1,"severe":0,"storeConfirm":null,"input":0},"total":{"confirm":384,"suspect":0,"heal":131,"dead":22,"severe":0,"input":0},"extData":null,"lastUpdateTime":null},{"date":"2020-04-08","today":{"confirm":16,"suspect":0,"heal":23,"dead":0,"severe":0,"storeConfirm":null,"input":0},"total":{"confirm":400,"suspect":0,"heal":154,"dead":22,"severe":0,"input":0},"extData":null,"lastUpdateTime":null},{"date":"2020-04-09","today":{"confirm":9,"suspect":0,"heal":11,"dead":1,"severe":0,"storeConfirm":null,"input":0},"total":{"confirm":409,"suspect":0,"heal":165,"dead":23,"severe":0,"input":0},"extData":null,"lastUpdateTime":null},{"date":"2020-04-10","today":{"confirm":7,"suspect":0,"heal":17,"dead":0,"severe":0,"storeConfirm":null,"input":0},"total":{"confirm":416,"suspect":0,"heal":182,"dead":23,"severe":0,"input":0},"extData":null,"lastUpdateTime":null},{"date":"2020-04-11","today":{"confirm":17,"suspect":0,"heal":15,"dead":0,"severe":0,"storeConfirm":null,"input":0},"total":{"confirm":433,"suspect":0,"heal":197,"dead":23,"severe":0,"input":0},"extData":null,"lastUpdateTime":null},{"date":"2020-04-12","today":{"confirm":13,"suspect":0,"heal":20,"dead":0,"severe":0,"storeConfirm":null,"input":0},"total":{"confirm":446,"suspect":0,"heal":217,"dead":23,"severe":0,"input":0},"extData":null,"lastUpdateTime":null},{"date":"2020-04-13","today":{"confirm":21,"suspect":0,"heal":15,"dead":0,"severe":0,"storeConfirm":null,"input":0},"total":{"confirm":467,"suspect":0,"heal":232,"dead":23,"severe":0,"input":0},"extData":null,"lastUpdateTime":null},{"date":"2020-04-14","today":{"confirm":8,"suspect":0,"heal":16,"dead":1,"severe":0,"storeConfirm":null,"input":0},"total":{"confirm":475,"suspect":0,"heal":248,"dead":24,"severe":0,"input":0},"extData":null,"lastUpdateTime":null},{"date":"2020-04-15","today":{"confirm":19,"suspect":0,"heal":3,"dead":1,"severe":0,"storeConfirm":null,"input":0},"total":{"confirm":494,"suspect":0,"heal":251,"dead":25,"severe":0,"input":0},"extData":null,"lastUpdateTime":null},{"date":"2020-04-16","today":{"confirm":24,"suspect":0,"heal":26,"dead":1,"severe":0,"storeConfirm":null,"input":0},"total":{"confirm":518,"suspect":0,"heal":277,"dead":26,"severe":0,"input":0},"extData":null,"lastUpdateTime":null},{"date":"2020-04-17","today":{"confirm":21,"suspect":0,"heal":0,"dead":0,"severe":0,"storeConfirm":null,"input":0},"total":{"confirm":539,"suspect":0,"heal":277,"dead":26,"severe":0,"input":0},"extData":null,"lastUpdateTime":null},{"date":"2020-04-18","today":{"confirm":9,"suspect":0,"heal":25,"dead":0,"severe":0,"storeConfirm":null,"input":0},"total":{"confirm":548,"suspect":0,"heal":302,"dead":26,"severe":0,"input":0},"extData":null,"lastUpdateTime":null},{"date":"2020-04-19","today":{"confirm":14,"suspect":0,"heal":12,"dead":0,"severe":0,"storeConfirm":null,"input":0},"total":{"confirm":562,"suspect":0,"heal":314,"dead":26,"severe":0,"input":0},"extData":null,"lastUpdateTime":null},{"date":"2020-04-20","today":{"confirm":22,"suspect":0,"heal":0,"dead":0,"severe":0,"storeConfirm":null,"input":0},"total":{"confirm":584,"suspect":0,"heal":314,"dead":26,"severe":0,"input":0},"extData":null,"lastUpdateTime":null},{"date":"2020-04-21","today":{"confirm":25,"suspect":0,"heal":31,"dead":0,"severe":0,"storeConfirm":null,"input":0},"total":{"confirm":609,"suspect":0,"heal":345,"dead":26,"severe":0,"input":0},"extData":null,"lastUpdateTime":null},{"date":"2020-04-22","today":{"confirm":25,"suspect":0,"heal":11,"dead":1,"severe":0,"storeConfirm":null,"input":0},"total":{"confirm":634,"suspect":0,"heal":356,"dead":27,"severe":0,"input":0},"extData":null,"lastUpdateTime":null},{"date":"2020-04-24","today":{"confirm":44,"suspect":0,"heal":0,"dead":0,"severe":0,"storeConfirm":null,"input":0},"total":{"confirm":678,"suspect":0,"heal":356,"dead":27,"severe":0,"input":0},"extData":null,"lastUpdateTime":null},{"date":"2020-04-25","today":{"confirm":34,"suspect":0,"heal":47,"dead":0,"severe":0,"storeConfirm":null,"input":0},"total":{"confirm":712,"suspect":0,"heal":403,"dead":27,"severe":0,"input":0},"extData":null,"lastUpdateTime":null},{"date":"2020-04-26","today":{"confirm":14,"suspect":0,"heal":7,"dead":1,"severe":0,"storeConfirm":null,"input":0},"total":{"confirm":726,"suspect":0,"heal":410,"dead":28,"severe":0,"input":0},"extData":null,"lastUpdateTime":null},{"date":"2020-04-27","today":{"confirm":10,"suspect":0,"heal":12,"dead":0,"severe":0,"storeConfirm":null,"input":0},"total":{"confirm":736,"suspect":0,"heal":422,"dead":28,"severe":0,"input":0},"extData":null,"lastUpdateTime":null},{"date":"2020-04-28","today":{"confirm":14,"suspect":0,"heal":9,"dead":2,"severe":0,"storeConfirm":null,"input":0},"total":{"confirm":750,"suspect":0,"heal":431,"dead":30,"severe":0,"input":0},"extData":null,"lastUpdateTime":null},{"date":"2020-04-29","today":{"confirm":16,"suspect":0,"heal":24,"dead":0,"severe":0,"storeConfirm":null,"input":0},"total":{"confirm":766,"suspect":0,"heal":455,"dead":30,"severe":0,"input":0},"extData":null,"lastUpdateTime":null},{"date":"2020-04-30","today":{"confirm":7,"suspect":0,"heal":0,"dead":0,"severe":0,"storeConfirm":null,"input":0},"total":{"confirm":773,"suspect":0,"heal":455,"dead":30,"severe":0,"input":0},"extData":null,"lastUpdateTime":null},{"date":"2020-05-01","today":{"confirm":9,"suspect":0,"heal":0,"dead":0,"severe":0,"storeConfirm":null,"input":0},"total":{"confirm":782,"suspect":0,"heal":455,"dead":30,"severe":0,"input":0},"extData":null,"lastUpdateTime":null},{"date":"2020-05-02","today":{"confirm":7,"suspect":0,"heal":64,"dead":1,"severe":0,"storeConfirm":null,"input":0},"total":{"confirm":789,"suspect":0,"heal":519,"dead":31,"severe":0,"input":0},"extData":null,"lastUpdateTime":null},{"date":"2020-05-05","today":{"confirm":31,"suspect":0,"heal":24,"dead":0,"severe":0,"storeConfirm":null,"input":0},"total":{"confirm":820,"suspect":0,"heal":543,"dead":31,"severe":0,"input":0},"extData":null,"lastUpdateTime":null},{"date":"2020-05-07","today":{"confirm":22,"suspect":0,"heal":62,"dead":0,"severe":0,"storeConfirm":null,"input":0},"total":{"confirm":842,"suspect":0,"heal":605,"dead":31,"severe":0,"input":0},"extData":null,"lastUpdateTime":null},{"date":"2020-05-08","today":{"confirm":8,"suspect":0,"heal":15,"dead":0,"severe":0,"storeConfirm":null,"input":0},"total":{"confirm":850,"suspect":0,"heal":620,"dead":31,"severe":0,"input":0},"extData":null,"lastUpdateTime":null},{"date":"2020-05-10","today":{"confirm":18,"suspect":0,"heal":30,"dead":0,"severe":0,"storeConfirm":null,"input":0},"total":{"confirm":868,"suspect":0,"heal":650,"dead":31,"severe":0,"input":0},"extData":null,"lastUpdateTime":null},{"date":"2020-05-11","today":{"confirm":4,"suspect":0,"heal":4,"dead":0,"severe":0,"storeConfirm":null,"input":0},"total":{"confirm":872,"suspect":0,"heal":654,"dead":31,"severe":0,"input":0},"extData":null,"lastUpdateTime":null},{"date":"2020-05-12","today":{"confirm":4,"suspect":0,"heal":28,"dead":0,"severe":0,"storeConfirm":null,"input":0},"total":{"confirm":876,"suspect":0,"heal":682,"dead":31,"severe":0,"input":0},"extData":null,"lastUpdateTime":null},{"date":"2020-05-13","today":{"confirm":4,"suspect":0,"heal":6,"dead":0,"severe":0,"storeConfirm":null,"input":0},"total":{"confirm":880,"suspect":0,"heal":688,"dead":31,"severe":0,"input":0},"extData":null,"lastUpdateTime":null},{"date":"2020-05-14","today":{"confirm":18,"suspect":0,"heal":6,"dead":0,"severe":0,"storeConfirm":null,"input":0},"total":{"confirm":898,"suspect":0,"heal":694,"dead":31,"severe":0,"input":0},"extData":null,"lastUpdateTime":null},{"date":"2020-05-15","today":{"confirm":18,"suspect":0,"heal":0,"dead":0,"severe":0,"storeConfirm":null,"input":0},"total":{"confirm":916,"suspect":0,"heal":694,"dead":31,"severe":0,"input":0},"extData":null,"lastUpdateTime":null},{"date":"2020-05-16","today":{"confirm":0,"suspect":0,"heal":0,"dead":0,"severe":0,"storeConfirm":null,"input":0},"total":{"confirm":916,"suspect":0,"heal":694,"dead":31,"severe":0,"input":0},"extData":null,"lastUpdateTime":null},{"date":"2020-05-17","today":{"confirm":30,"suspect":0,"heal":20,"dead":0,"severe":0,"storeConfirm":null,"input":0},"total":{"confirm":946,"suspect":0,"heal":714,"dead":31,"severe":0,"input":0},"extData":null,"lastUpdateTime":null},{"date":"2020-05-18","today":{"confirm":2,"suspect":0,"heal":13,"dead":0,"severe":0,"storeConfirm":null,"input":0},"total":{"confirm":948,"suspect":0,"heal":727,"dead":31,"severe":0,"input":0},"extData":null,"lastUpdateTime":null},{"date":"2020-05-19","today":{"confirm":1,"suspect":0,"heal":15,"dead":0,"severe":0,"storeConfirm":null,"input":0},"total":{"confirm":949,"suspect":0,"heal":742,"dead":31,"severe":0,"input":0},"extData":null,"lastUpdateTime":null},{"date":"2020-05-20","today":{"confirm":15,"suspect":0,"heal":16,"dead":0,"severe":0,"storeConfirm":null,"input":0},"total":{"confirm":964,"suspect":0,"heal":758,"dead":31,"severe":0,"input":0},"extData":null,"lastUpdateTime":null},{"date":"2020-05-21","today":{"confirm":5,"suspect":0,"heal":13,"dead":0,"severe":0,"storeConfirm":null,"input":0},"total":{"confirm":969,"suspect":0,"heal":771,"dead":31,"severe":0,"input":0},"extData":null,"lastUpdateTime":null},{"date":"2020-05-22","today":{"confirm":12,"suspect":0,"heal":6,"dead":0,"severe":0,"storeConfirm":null,"input":0},"total":{"confirm":981,"suspect":0,"heal":777,"dead":31,"severe":0,"input":0},"extData":null,"lastUpdateTime":null},{"date":"2020-05-23","today":{"confirm":8,"suspect":0,"heal":6,"dead":0,"severe":0,"storeConfirm":null,"input":0},"total":{"confirm":989,"suspect":0,"heal":783,"dead":31,"severe":0,"input":0},"extData":null,"lastUpdateTime":null},{"date":"2020-05-24","today":{"confirm":9,"suspect":0,"heal":6,"dead":1,"severe":0,"storeConfirm":null,"input":0},"total":{"confirm":998,"suspect":0,"heal":789,"dead":32,"severe":0,"input":0},"extData":null,"lastUpdateTime":null},{"date":"2020-05-25","today":{"confirm":6,"suspect":0,"heal":6,"dead":0,"severe":0,"storeConfirm":null,"input":0},"total":{"confirm":1004,"suspect":0,"heal":795,"dead":32,"severe":0,"input":0},"extData":null,"lastUpdateTime":null},{"date":"2020-05-26","today":{"confirm":25,"suspect":0,"heal":8,"dead":1,"severe":0,"storeConfirm":null,"input":0},"total":{"confirm":1029,"suspect":0,"heal":803,"dead":33,"severe":0,"input":0},"extData":null,"lastUpdateTime":null},{"date":"2020-05-27","today":{"confirm":21,"suspect":0,"heal":9,"dead":0,"severe":0,"storeConfirm":null,"input":0},"total":{"confirm":1050,"suspect":0,"heal":812,"dead":33,"severe":0,"input":0},"extData":null,"lastUpdateTime":null},{"date":"2020-05-28","today":{"confirm":26,"suspect":0,"heal":11,"dead":0,"severe":0,"storeConfirm":null,"input":0},"total":{"confirm":1076,"suspect":0,"heal":823,"dead":33,"severe":0,"input":0},"extData":null,"lastUpdateTime":null},{"date":"2020-05-29","today":{"confirm":23,"suspect":0,"heal":28,"dead":0,"severe":0,"storeConfirm":null,"input":0},"total":{"confirm":1099,"suspect":0,"heal":851,"dead":33,"severe":0,"input":0},"extData":null,"lastUpdateTime":null},{"date":"2020-05-30","today":{"confirm":23,"suspect":0,"heal":6,"dead":0,"severe":0,"storeConfirm":null,"input":0},"total":{"confirm":1122,"suspect":0,"heal":857,"dead":33,"severe":0,"input":0},"extData":null,"lastUpdateTime":null},{"date":"2020-05-31","today":{"confirm":15,"suspect":0,"heal":15,"dead":0,"severe":0,"storeConfirm":null,"input":0},"total":{"confirm":1137,"suspect":0,"heal":872,"dead":33,"severe":0,"input":0},"extData":null,"lastUpdateTime":null},{"date":"2020-06-01","today":{"confirm":6,"suspect":0,"heal":5,"dead":0,"severe":0,"storeConfirm":null,"input":0},"total":{"confirm":1143,"suspect":0,"heal":877,"dead":33,"severe":0,"input":0},"extData":null,"lastUpdateTime":null},{"date":"2020-06-02","today":{"confirm":21,"suspect":0,"heal":14,"dead":0,"severe":0,"storeConfirm":null,"input":0},"total":{"confirm":1164,"suspect":0,"heal":891,"dead":33,"severe":0,"input":0},"extData":null,"lastUpdateTime":null},{"date":"2020-06-03","today":{"confirm":20,"suspect":0,"heal":7,"dead":0,"severe":0,"storeConfirm":null,"input":0},"total":{"confirm":1184,"suspect":0,"heal":898,"dead":33,"severe":0,"input":0},"extData":null,"lastUpdateTime":null},{"date":"2020-06-04","today":{"confirm":13,"suspect":0,"heal":0,"dead":0,"severe":0,"storeConfirm":null,"input":0},"total":{"confirm":1197,"suspect":0,"heal":898,"dead":33,"severe":0,"input":0},"extData":null,"lastUpdateTime":null},{"date":"2020-06-05","today":{"confirm":15,"suspect":0,"heal":12,"dead":0,"severe":0,"storeConfirm":null,"input":0},"total":{"confirm":1212,"suspect":0,"heal":910,"dead":33,"severe":0,"input":0},"extData":null,"lastUpdateTime":null},{"date":"2020-06-06","today":{"confirm":20,"suspect":0,"heal":15,"dead":1,"severe":0,"storeConfirm":null,"input":0},"total":{"confirm":1232,"suspect":0,"heal":925,"dead":34,"severe":0,"input":0},"extData":null,"lastUpdateTime":null},{"date":"2020-06-07","today":{"confirm":14,"suspect":0,"heal":13,"dead":0,"severe":0,"storeConfirm":null,"input":0},"total":{"confirm":1246,"suspect":0,"heal":938,"dead":34,"severe":0,"input":0},"extData":null,"lastUpdateTime":null},{"date":"2020-06-08","today":{"confirm":17,"suspect":0,"heal":7,"dead":0,"severe":0,"storeConfirm":null,"input":0},"total":{"confirm":1263,"suspect":0,"heal":945,"dead":34,"severe":0,"input":0},"extData":null,"lastUpdateTime":null},{"date":"2020-06-09","today":{"confirm":36,"suspect":0,"heal":15,"dead":0,"severe":0,"storeConfirm":null,"input":0},"total":{"confirm":1299,"suspect":0,"heal":960,"dead":34,"severe":0,"input":0},"extData":null,"lastUpdateTime":null},{"date":"2020-06-10","today":{"confirm":42,"suspect":0,"heal":20,"dead":0,"severe":0,"storeConfirm":null,"input":0},"total":{"confirm":1341,"suspect":0,"heal":980,"dead":34,"severe":0,"input":0},"extData":null,"lastUpdateTime":null},{"date":"2020-06-11","today":{"confirm":44,"suspect":0,"heal":21,"dead":1,"severe":0,"storeConfirm":null,"input":0},"total":{"confirm":1385,"suspect":0,"heal":1001,"dead":35,"severe":0,"input":0},"extData":null,"lastUpdateTime":null},{"date":"2020-06-12","today":{"confirm":31,"suspect":0,"heal":33,"dead":1,"severe":0,"storeConfirm":null,"input":0},"total":{"confirm":1416,"suspect":0,"heal":1034,"dead":36,"severe":0,"input":0},"extData":null,"lastUpdateTime":null},{"date":"2020-06-13","today":{"confirm":48,"suspect":0,"heal":5,"dead":0,"severe":0,"storeConfirm":null,"input":0},"total":{"confirm":1464,"suspect":0,"heal":1039,"dead":36,"severe":0,"input":0},"extData":null,"lastUpdateTime":null},{"date":"2020-06-14","today":{"confirm":57,"suspect":0,"heal":5,"dead":0,"severe":0,"storeConfirm":null,"input":0},"total":{"confirm":1521,"suspect":0,"heal":1044,"dead":36,"severe":0,"input":0},"extData":null,"lastUpdateTime":null}]},"timestamp":1687832266058}