{"reqId":16878322913693130,"code":10000,"msg":"成功","data":{"list":[{"date":"2020-03-11","today":{"confirm":1,"suspect":0,"heal":0,"dead":0,"severe":0,"storeConfirm":null},"total":{"confirm":1,"suspect":0,"heal":0,"dead":0,"severe":0,"input":0},"extData":null,"lastUpdateTime":null},{"date":"2020-03-16","today":{"confirm":3,"suspect":0,"heal":0,"dead":0,"severe":0,"storeConfirm":null,"input":0},"total":{"confirm":4,"suspect":0,"heal":0,"dead":0,"severe":0,"input":0},"extData":null,"lastUpdateTime":null},{"date":"2020-03-19","today":{"confirm":1,"suspect":0,"heal":0,"dead":1,"severe":0,"storeConfirm":null,"input":0},"total":{"confirm":5,"suspect":0,"heal":0,"dead":1,"severe":0,"input":0},"extData":null,"lastUpdateTime":null},{"date":"2020-03-31","today":{"confirm":3,"suspect":0,"heal":0,"dead":0,"severe":0,"storeConfirm":null,"input":0},"total":{"confirm":8,"suspect":0,"heal":0,"dead":1,"severe":0,"input":0},"extData":null,"lastUpdateTime":null},{"date":"2020-04-01","today":{"confirm":4,"suspect":0,"heal":0,"dead":1,"severe":0,"storeConfirm":null,"input":0},"total":{"confirm":12,"suspect":0,"heal":0,"dead":2,"severe":0,"input":0},"extData":null,"lastUpdateTime":null},{"date":"2020-04-03","today":{"confirm":7,"suspect":0,"heal":0,"dead":2,"severe":0,"storeConfirm":null,"input":0},"total":{"confirm":19,"suspect":0,"heal":0,"dead":4,"severe":0,"input":0},"extData":null,"lastUpdateTime":null},{"date":"2020-04-04","today":{"confirm":4,"suspect":0,"heal":0,"dead":0,"severe":0,"storeConfirm":null,"input":0},"total":{"confirm":23,"suspect":0,"heal":0,"dead":4,"severe":0,"input":0},"extData":null,"lastUpdateTime":null},{"date":"2020-04-06","today":{"confirm":6,"suspect":0,"heal":0,"dead":0,"severe":0,"storeConfirm":null,"input":0},"total":{"confirm":29,"suspect":0,"heal":0,"dead":4,"severe":0,"input":0},"extData":null,"lastUpdateTime":null},{"date":"2020-04-07","today":{"confirm":2,"suspect":0,"heal":8,"dead":1,"severe":0,"storeConfirm":null,"input":0},"total":{"confirm":31,"suspect":0,"heal":8,"dead":5,"severe":0,"input":0},"extData":null,"lastUpdateTime":null},{"date":"2020-04-08","today":{"confirm":2,"suspect":0,"heal":0,"dead":0,"severe":0,"storeConfirm":null,"input":0},"total":{"confirm":33,"suspect":0,"heal":8,"dead":5,"severe":0,"input":0},"extData":null,"lastUpdateTime":null},{"date":"2020-04-09","today":{"confirm":4,"suspect":0,"heal":0,"dead":1,"severe":0,"storeConfirm":null,"input":0},"total":{"confirm":37,"suspect":0,"heal":8,"dead":6,"severe":0,"input":0},"extData":null,"lastUpdateTime":null},{"date":"2020-04-10","today":{"confirm":3,"suspect":0,"heal":0,"dead":0,"severe":0,"storeConfirm":null,"input":0},"total":{"confirm":40,"suspect":0,"heal":8,"dead":6,"severe":0,"input":0},"extData":null,"lastUpdateTime":null},{"date":"2020-04-11","today":{"confirm":5,"suspect":0,"heal":0,"dead":0,"severe":0,"storeConfirm":null,"input":0},"total":{"confirm":45,"suspect":0,"heal":8,"dead":6,"severe":0,"input":0},"extData":null,"lastUpdateTime":null},{"date":"2020-04-14","today":{"confirm":3,"suspect":0,"heal":0,"dead":0,"severe":0,"storeConfirm":null,"input":0},"total":{"confirm":48,"suspect":0,"heal":8,"dead":6,"severe":0,"input":0},"extData":null,"lastUpdateTime":null},{"date":"2020-04-15","today":{"confirm":7,"suspect":0,"heal":0,"dead":0,"severe":0,"storeConfirm":null,"input":0},"total":{"confirm":55,"suspect":0,"heal":8,"dead":6,"severe":0,"input":0},"extData":null,"lastUpdateTime":null},{"date":"2020-04-16","today":{"confirm":2,"suspect":0,"heal":0,"dead":0,"severe":0,"storeConfirm":null,"input":0},"total":{"confirm":57,"suspect":0,"heal":8,"dead":6,"severe":0,"input":0},"extData":null,"lastUpdateTime":null},{"date":"2020-04-17","today":{"confirm":6,"suspect":0,"heal":0,"dead":0,"severe":0,"storeConfirm":null,"input":0},"total":{"confirm":63,"suspect":0,"heal":8,"dead":6,"severe":0,"input":0},"extData":null,"lastUpdateTime":null},{"date":"2020-04-19","today":{"confirm":2,"suspect":0,"heal":1,"dead":1,"severe":0,"storeConfirm":null,"input":0},"total":{"confirm":65,"suspect":0,"heal":9,"dead":7,"severe":0,"input":0},"extData":null,"lastUpdateTime":null},{"date":"2020-04-21","today":{"confirm":2,"suspect":0,"heal":0,"dead":0,"severe":0,"storeConfirm":null,"input":0},"total":{"confirm":67,"suspect":0,"heal":9,"dead":7,"severe":0,"input":0},"extData":null,"lastUpdateTime":null},{"date":"2020-04-23","today":{"confirm":3,"suspect":0,"heal":0,"dead":0,"severe":0,"storeConfirm":null,"input":0},"total":{"confirm":70,"suspect":0,"heal":9,"dead":7,"severe":0,"input":0},"extData":null,"lastUpdateTime":null},{"date":"2020-04-24","today":{"confirm":3,"suspect":0,"heal":3,"dead":1,"severe":0,"storeConfirm":null,"input":0},"total":{"confirm":73,"suspect":0,"heal":12,"dead":8,"severe":0,"input":0},"extData":null,"lastUpdateTime":null},{"date":"2020-04-26","today":{"confirm":1,"suspect":0,"heal":0,"dead":0,"severe":0,"storeConfirm":null,"input":0},"total":{"confirm":74,"suspect":0,"heal":12,"dead":8,"severe":0,"input":0},"extData":null,"lastUpdateTime":null},{"date":"2020-04-27","today":{"confirm":0,"suspect":null,"heal":0,"dead":0,"severe":null,"storeConfirm":null,"input":0},"total":{"confirm":74,"suspect":0,"heal":12,"dead":8,"severe":0,"input":0},"extData":null,"lastUpdateTime":null},{"date":"2020-04-28","today":{"confirm":1,"suspect":0,"heal":3,"dead":0,"severe":0,"storeConfirm":null,"input":0},"total":{"confirm":75,"suspect":0,"heal":15,"dead":8,"severe":0,"input":0},"extData":null,"lastUpdateTime":null},{"date":"2020-04-29","today":{"confirm":3,"suspect":0,"heal":0,"dead":0,"severe":0,"storeConfirm":null,"input":0},"total":{"confirm":78,"suspect":0,"heal":15,"dead":8,"severe":0,"input":0},"extData":null,"lastUpdateTime":null},{"date":"2020-05-03","today":{"confirm":4,"suspect":0,"heal":7,"dead":1,"severe":0,"storeConfirm":null,"input":0},"total":{"confirm":82,"suspect":0,"heal":22,"dead":9,"severe":0,"input":0},"extData":null,"lastUpdateTime":null},{"date":"2020-05-05","today":{"confirm":11,"suspect":0,"heal":5,"dead":1,"severe":0,"storeConfirm":null,"input":0},"total":{"confirm":93,"suspect":0,"heal":27,"dead":10,"severe":0,"input":0},"extData":null,"lastUpdateTime":null},{"date":"2020-05-07","today":{"confirm":0,"suspect":0,"heal":7,"dead":0,"severe":0,"storeConfirm":null,"input":0},"total":{"confirm":93,"suspect":0,"heal":34,"dead":10,"severe":0,"input":0},"extData":null,"lastUpdateTime":null},{"date":"2020-05-08","today":{"confirm":1,"suspect":0,"heal":1,"dead":0,"severe":0,"storeConfirm":null,"input":0},"total":{"confirm":94,"suspect":0,"heal":35,"dead":10,"severe":0,"input":0},"extData":null,"lastUpdateTime":null},{"date":"2020-05-09","today":{"confirm":3,"suspect":0,"heal":0,"dead":0,"severe":0,"storeConfirm":null,"input":0},"total":{"confirm":97,"suspect":0,"heal":35,"dead":10,"severe":0,"input":0},"extData":null,"lastUpdateTime":null},{"date":"2020-05-11","today":{"confirm":7,"suspect":0,"heal":0,"dead":0,"severe":0,"storeConfirm":null,"input":0},"total":{"confirm":104,"suspect":0,"heal":35,"dead":10,"severe":0,"input":0},"extData":null,"lastUpdateTime":null},{"date":"2020-05-12","today":{"confirm":9,"suspect":0,"heal":1,"dead":0,"severe":0,"storeConfirm":null,"input":0},"total":{"confirm":113,"suspect":0,"heal":36,"dead":10,"severe":0,"input":0},"extData":null,"lastUpdateTime":null},{"date":"2020-05-14","today":{"confirm":0,"suspect":0,"heal":5,"dead":0,"severe":0,"storeConfirm":null,"input":0},"total":{"confirm":113,"suspect":0,"heal":41,"dead":10,"severe":0,"input":0},"extData":null,"lastUpdateTime":null},{"date":"2020-05-15","today":{"confirm":3,"suspect":0,"heal":0,"dead":0,"severe":0,"storeConfirm":null,"input":0},"total":{"confirm":116,"suspect":0,"heal":41,"dead":10,"severe":0,"input":0},"extData":null,"lastUpdateTime":null},{"date":"2020-05-17","today":{"confirm":1,"suspect":0,"heal":2,"dead":0,"severe":0,"storeConfirm":null,"input":0},"total":{"confirm":117,"suspect":0,"heal":43,"dead":10,"severe":0,"input":0},"extData":null,"lastUpdateTime":null},{"date":"2020-05-18","today":{"confirm":0,"suspect":null,"heal":0,"dead":0,"severe":null,"storeConfirm":null,"input":0},"total":{"confirm":117,"suspect":0,"heal":43,"dead":10,"severe":0,"input":0},"extData":null,"lastUpdateTime":null},{"date":"2020-05-19","today":{"confirm":8,"suspect":0,"heal":3,"dead":0,"severe":0,"storeConfirm":null,"input":0},"total":{"confirm":125,"suspect":0,"heal":46,"dead":10,"severe":0,"input":0},"extData":null,"lastUpdateTime":null},{"date":"2020-05-20","today":{"confirm":0,"suspect":0,"heal":1,"dead":0,"severe":0,"storeConfirm":null,"input":0},"total":{"confirm":125,"suspect":0,"heal":47,"dead":10,"severe":0,"input":0},"extData":null,"lastUpdateTime":null},{"date":"2020-05-21","today":{"confirm":2,"suspect":0,"heal":10,"dead":0,"severe":0,"storeConfirm":null,"input":0},"total":{"confirm":127,"suspect":0,"heal":57,"dead":10,"severe":0,"input":0},"extData":null,"lastUpdateTime":null},{"date":"2020-05-22","today":{"confirm":0,"suspect":null,"heal":0,"dead":0,"severe":null,"storeConfirm":null,"input":0},"total":{"confirm":127,"suspect":0,"heal":57,"dead":10,"severe":0,"input":0},"extData":null,"lastUpdateTime":null},{"date":"2020-05-23","today":{"confirm":0,"suspect":0,"heal":1,"dead":0,"severe":0,"storeConfirm":null,"input":0},"total":{"confirm":127,"suspect":0,"heal":58,"dead":10,"severe":0,"input":0},"extData":null,"lastUpdateTime":null},{"date":"2020-05-24","today":{"confirm":8,"suspect":0,"heal":4,"dead":0,"severe":0,"storeConfirm":null,"input":0},"total":{"confirm":135,"suspect":0,"heal":62,"dead":10,"severe":0,"input":0},"extData":null,"lastUpdateTime":null},{"date":"2020-05-25","today":{"confirm":2,"suspect":0,"heal":0,"dead":1,"severe":0,"storeConfirm":null,"input":0},"total":{"confirm":137,"suspect":0,"heal":62,"dead":11,"severe":0,"input":0},"extData":null,"lastUpdateTime":null},{"date":"2020-05-26","today":{"confirm":2,"suspect":0,"heal":0,"dead":0,"severe":0,"storeConfirm":null,"input":0},"total":{"confirm":139,"suspect":0,"heal":62,"dead":11,"severe":0,"input":0},"extData":null,"lastUpdateTime":null},{"date":"2020-05-27","today":{"confirm":0,"suspect":0,"heal":5,"dead":0,"severe":0,"storeConfirm":null,"input":0},"total":{"confirm":139,"suspect":0,"heal":67,"dead":11,"severe":0,"input":0},"extData":null,"lastUpdateTime":null},{"date":"2020-05-28","today":{"confirm":11,"suspect":0,"heal":0,"dead":0,"severe":0,"storeConfirm":null,"input":0},"total":{"confirm":150,"suspect":0,"heal":67,"dead":11,"severe":0,"input":0},"extData":null,"lastUpdateTime":null},{"date":"2020-05-30","today":{"confirm":2,"suspect":0,"heal":0,"dead":1,"severe":0,"storeConfirm":null,"input":0},"total":{"confirm":152,"suspect":0,"heal":67,"dead":12,"severe":0,"input":0},"extData":null,"lastUpdateTime":null},{"date":"2020-05-31","today":{"confirm":0,"suspect":null,"heal":0,"dead":0,"severe":null,"storeConfirm":null,"input":0},"total":{"confirm":152,"suspect":0,"heal":67,"dead":12,"severe":0,"input":0},"extData":null,"lastUpdateTime":null},{"date":"2020-06-01","today":{"confirm":1,"suspect":0,"heal":3,"dead":0,"severe":0,"storeConfirm":null,"input":0},"total":{"confirm":153,"suspect":0,"heal":70,"dead":12,"severe":0,"input":0},"extData":null,"lastUpdateTime":null},{"date":"2020-06-02","today":{"confirm":0,"suspect":null,"heal":0,"dead":0,"severe":null,"storeConfirm":null,"input":0},"total":{"confirm":153,"suspect":0,"heal":70,"dead":12,"severe":0,"input":0},"extData":null,"lastUpdateTime":null},{"date":"2020-06-03","today":{"confirm":0,"suspect":null,"heal":0,"dead":0,"severe":null,"storeConfirm":null,"input":0},"total":{"confirm":153,"suspect":0,"heal":70,"dead":12,"severe":0,"input":0},"extData":null,"lastUpdateTime":null},{"date":"2020-06-04","today":{"confirm":0,"suspect":0,"heal":7,"dead":0,"severe":0,"storeConfirm":null,"input":0},"total":{"confirm":153,"suspect":0,"heal":77,"dead":12,"severe":0,"input":0},"extData":null,"lastUpdateTime":null},{"date":"2020-06-05","today":{"confirm":0,"suspect":null,"heal":0,"dead":0,"severe":null,"storeConfirm":null,"input":0},"total":{"confirm":153,"suspect":0,"heal":77,"dead":12,"severe":0,"input":0},"extData":null,"lastUpdateTime":null},{"date":"2020-06-06","today":{"confirm":1,"suspect":0,"heal":3,"dead":0,"severe":0,"storeConfirm":null,"input":0},"total":{"confirm":154,"suspect":0,"heal":80,"dead":12,"severe":0,"input":0},"extData":null,"lastUpdateTime":null},{"date":"2020-06-07","today":{"confirm":0,"suspect":null,"heal":0,"dead":0,"severe":null,"storeConfirm":null,"input":0},"total":{"confirm":154,"suspect":0,"heal":80,"dead":12,"severe":0,"input":0},"extData":null,"lastUpdateTime":null},{"date":"2020-06-08","today":{"confirm":0,"suspect":0,"heal":4,"dead":0,"severe":0,"storeConfirm":null,"input":0},"total":{"confirm":154,"suspect":0,"heal":84,"dead":12,"severe":0,"input":0},"extData":null,"lastUpdateTime":null},{"date":"2020-06-09","today":{"confirm":2,"suspect":0,"heal":2,"dead":0,"severe":0,"storeConfirm":null,"input":0},"total":{"confirm":156,"suspect":0,"heal":86,"dead":12,"severe":0,"input":0},"extData":null,"lastUpdateTime":null},{"date":"2020-06-10","today":{"confirm":0,"suspect":0,"heal":6,"dead":0,"severe":0,"storeConfirm":null,"input":0},"total":{"confirm":156,"suspect":0,"heal":92,"dead":12,"severe":0,"input":0},"extData":null,"lastUpdateTime":null},{"date":"2020-06-11","today":{"confirm":2,"suspect":0,"heal":0,"dead":0,"severe":0,"storeConfirm":null,"input":0},"total":{"confirm":158,"suspect":0,"heal":92,"dead":12,"severe":0,"input":0},"extData":null,"lastUpdateTime":null},{"date":"2020-06-14","today":{"confirm":1,"suspect":0,"heal":7,"dead":0,"severe":0,"storeConfirm":null,"input":0},"total":{"confirm":159,"suspect":0,"heal":99,"dead":12,"severe":0,"input":0},"extData":null,"lastUpdateTime":null}]},"timestamp":1687832291369}