{"reqId":16878322766587304,"code":10000,"msg":"成功","data":{"list":[{"date":"2020-03-06","today":{"confirm":1,"suspect":0,"heal":0,"dead":0,"severe":0,"storeConfirm":null},"total":{"confirm":1,"suspect":0,"heal":0,"dead":0,"severe":0,"input":0},"extData":null,"lastUpdateTime":null},{"date":"2020-04-21","today":{"confirm":0,"suspect":null,"heal":0,"dead":0,"severe":null,"storeConfirm":null,"input":0},"total":{"confirm":1,"suspect":0,"heal":0,"dead":0,"severe":0,"input":0},"extData":null,"lastUpdateTime":null},{"date":"2020-04-29","today":{"confirm":5,"suspect":0,"heal":0,"dead":0,"severe":0,"storeConfirm":null,"input":0},"total":{"confirm":6,"suspect":0,"heal":0,"dead":0,"severe":0,"input":0},"extData":null,"lastUpdateTime":null},{"date":"2020-05-11","today":{"confirm":0,"suspect":null,"heal":0,"dead":0,"severe":null,"storeConfirm":null,"input":0},"total":{"confirm":6,"suspect":0,"heal":0,"dead":0,"severe":0,"input":0},"extData":null,"lastUpdateTime":null},{"date":"2020-05-12","today":{"confirm":0,"suspect":0,"heal":6,"dead":0,"severe":0,"storeConfirm":null,"input":0},"total":{"confirm":6,"suspect":0,"heal":6,"dead":0,"severe":0,"input":0},"extData":null,"lastUpdateTime":null},{"date":"2020-05-13","today":{"confirm":0,"suspect":null,"heal":0,"dead":0,"severe":null,"storeConfirm":null,"input":0},"total":{"confirm":6,"suspect":0,"heal":6,"dead":0,"severe":0,"input":0},"extData":null,"lastUpdateTime":null},{"date":"2020-05-14","today":{"confirm":0,"suspect":null,"heal":0,"dead":0,"severe":null,"storeConfirm":null,"input":0},"total":{"confirm":6,"suspect":0,"heal":6,"dead":0,"severe":0,"input":0},"extData":null,"lastUpdateTime":null},{"date":"2020-05-17","today":{"confirm":0,"suspect":null,"heal":0,"dead":0,"severe":null,"storeConfirm":null,"input":0},"total":{"confirm":6,"suspect":0,"heal":6,"dead":0,"severe":0,"input":0},"extData":null,"lastUpdateTime":null},{"date":"2020-05-18","today":{"confirm":0,"suspect":null,"heal":0,"dead":0,"severe":null,"storeConfirm":null,"input":0},"total":{"confirm":6,"suspect":0,"heal":6,"dead":0,"severe":0,"input":0},"extData":null,"lastUpdateTime":null},{"date":"2020-05-19","today":{"confirm":0,"suspect":null,"heal":0,"dead":0,"severe":null,"storeConfirm":null,"input":0},"total":{"confirm":6,"suspect":0,"heal":6,"dead":0,"severe":0,"input":0},"extData":null,"lastUpdateTime":null},{"date":"2020-05-20","today":{"confirm":0,"suspect":0,"heal":0,"dead":0,"severe":0,"storeConfirm":null,"input":0},"total":{"confirm":6,"suspect":0,"heal":6,"dead":0,"severe":0,"input":0},"extData":null,"lastUpdateTime":null},{"date":"2020-05-21","today":{"confirm":0,"suspect":null,"heal":0,"dead":0,"severe":null,"storeConfirm":null,"input":0},"total":{"confirm":6,"suspect":0,"heal":6,"dead":0,"severe":0,"input":0},"extData":null,"lastUpdateTime":null},{"date":"2020-05-22","today":{"confirm":0,"suspect":null,"heal":0,"dead":0,"severe":null,"storeConfirm":null,"input":0},"total":{"confirm":6,"suspect":0,"heal":6,"dead":0,"severe":0,"input":0},"extData":null,"lastUpdateTime":null},{"date":"2020-05-23","today":{"confirm":0,"suspect":null,"heal":0,"dead":0,"severe":null,"storeConfirm":null,"input":0},"total":{"confirm":6,"suspect":0,"heal":6,"dead":0,"severe":0,"input":0},"extData":null,"lastUpdateTime":null},{"date":"2020-05-24","today":{"confirm":0,"suspect":null,"heal":0,"dead":0,"severe":null,"storeConfirm":null,"input":0},"total":{"confirm":6,"suspect":0,"heal":6,"dead":0,"severe":0,"input":0},"extData":null,"lastUpdateTime":null},{"date":"2020-05-25","today":{"confirm":0,"suspect":null,"heal":0,"dead":0,"severe":null,"storeConfirm":null,"input":0},"total":{"confirm":6,"suspect":0,"heal":6,"dead":0,"severe":0,"input":0},"extData":null,"lastUpdateTime":null},{"date":"2020-05-26","today":{"confirm":0,"suspect":null,"heal":0,"dead":0,"severe":null,"storeConfirm":null,"input":0},"total":{"confirm":6,"suspect":0,"heal":6,"dead":0,"severe":0,"input":0},"extData":null,"lastUpdateTime":null},{"date":"2020-05-27","today":{"confirm":0,"suspect":null,"heal":0,"dead":0,"severe":null,"storeConfirm":null,"input":0},"total":{"confirm":6,"suspect":0,"heal":6,"dead":0,"severe":0,"input":0},"extData":null,"lastUpdateTime":null},{"date":"2020-05-30","today":{"confirm":0,"suspect":null,"heal":0,"dead":0,"severe":null,"storeConfirm":null,"input":0},"total":{"confirm":6,"suspect":0,"heal":6,"dead":0,"severe":0,"input":0},"extData":null,"lastUpdateTime":null},{"date":"2020-05-31","today":{"confirm":0,"suspect":null,"heal":0,"dead":0,"severe":null,"storeConfirm":null,"input":0},"total":{"confirm":6,"suspect":0,"heal":6,"dead":0,"severe":0,"input":0},"extData":null,"lastUpdateTime":null},{"date":"2020-06-01","today":{"confirm":0,"suspect":null,"heal":0,"dead":0,"severe":null,"storeConfirm":null,"input":0},"total":{"confirm":6,"suspect":0,"heal":6,"dead":0,"severe":0,"input":0},"extData":null,"lastUpdateTime":null},{"date":"2020-06-02","today":{"confirm":0,"suspect":null,"heal":0,"dead":0,"severe":null,"storeConfirm":null,"input":0},"total":{"confirm":6,"suspect":0,"heal":6,"dead":0,"severe":0,"input":0},"extData":null,"lastUpdateTime":null},{"date":"2020-06-04","today":{"confirm":0,"suspect":null,"heal":0,"dead":0,"severe":null,"storeConfirm":null,"input":0},"total":{"confirm":6,"suspect":0,"heal":6,"dead":0,"severe":0,"input":0},"extData":null,"lastUpdateTime":null},{"date":"2020-06-05","today":{"confirm":0,"suspect":null,"heal":0,"dead":0,"severe":null,"storeConfirm":null,"input":0},"total":{"confirm":6,"suspect":0,"heal":6,"dead":0,"severe":0,"input":0},"extData":null,"lastUpdateTime":null},{"date":"2020-06-06","today":{"confirm":0,"suspect":null,"heal":0,"dead":0,"severe":null,"storeConfirm":null,"input":0},"total":{"confirm":6,"suspect":0,"heal":6,"dead":0,"severe":0,"input":0},"extData":null,"lastUpdateTime":null},{"date":"2020-06-07","today":{"confirm":0,"suspect":null,"heal":0,"dead":0,"severe":null,"storeConfirm":null,"input":0},"total":{"confirm":6,"suspect":0,"heal":6,"dead":0,"severe":0,"input":0},"extData":null,"lastUpdateTime":null},{"date":"2020-06-08","today":{"confirm":0,"suspect":null,"heal":0,"dead":0,"severe":null,"storeConfirm":null,"input":0},"total":{"confirm":6,"suspect":0,"heal":6,"dead":0,"severe":0,"input":0},"extData":null,"lastUpdateTime":null},{"date":"2020-06-09","today":{"confirm":0,"suspect":null,"heal":0,"dead":0,"severe":null,"storeConfirm":null,"input":0},"total":{"confirm":6,"suspect":0,"heal":6,"dead":0,"severe":0,"input":0},"extData":null,"lastUpdateTime":null},{"date":"2020-06-10","today":{"confirm":0,"suspect":null,"heal":0,"dead":0,"severe":null,"storeConfirm":null,"input":0},"total":{"confirm":6,"suspect":0,"heal":6,"dead":0,"severe":0,"input":0},"extData":null,"lastUpdateTime":null},{"date":"2020-06-11","today":{"confirm":0,"suspect":null,"heal":0,"dead":0,"severe":null,"storeConfirm":null,"input":0},"total":{"confirm":6,"suspect":0,"heal":6,"dead":0,"severe":0,"input":0},"extData":null,"lastUpdateTime":null}]},"timestamp":1687832276658}