{"reqId":16878322680938794,"code":10000,"msg":"成功","data":{"list":[{"date":"2020-03-22","today":{"confirm":1,"suspect":0,"heal":0,"dead":0,"severe":0,"storeConfirm":null},"total":{"confirm":1,"suspect":0,"heal":0,"dead":0,"severe":0,"input":0},"extData":null,"lastUpdateTime":null},{"date":"2020-03-25","today":{"confirm":4,"suspect":0,"heal":0,"dead":0,"severe":0,"storeConfirm":null,"input":0},"total":{"confirm":5,"suspect":0,"heal":0,"dead":0,"severe":0,"input":0},"extData":null,"lastUpdateTime":null},{"date":"2020-03-29","today":{"confirm":4,"suspect":0,"heal":0,"dead":1,"severe":0,"storeConfirm":null,"input":0},"total":{"confirm":9,"suspect":0,"heal":0,"dead":1,"severe":0,"input":0},"extData":null,"lastUpdateTime":null},{"date":"2020-03-30","today":{"confirm":1,"suspect":null,"heal":0,"dead":0,"severe":null,"storeConfirm":null,"input":0},"total":{"confirm":10,"suspect":0,"heal":0,"dead":1,"severe":0,"input":0},"extData":null,"lastUpdateTime":null},{"date":"2020-04-02","today":{"confirm":6,"suspect":0,"heal":0,"dead":1,"severe":0,"storeConfirm":null,"input":0},"total":{"confirm":16,"suspect":0,"heal":0,"dead":2,"severe":0,"input":0},"extData":null,"lastUpdateTime":null},{"date":"2020-04-07","today":{"confirm":3,"suspect":0,"heal":2,"dead":0,"severe":0,"storeConfirm":null,"input":0},"total":{"confirm":19,"suspect":0,"heal":2,"dead":2,"severe":0,"input":0},"extData":null,"lastUpdateTime":null},{"date":"2020-04-11","today":{"confirm":6,"suspect":0,"heal":2,"dead":0,"severe":0,"storeConfirm":null,"input":0},"total":{"confirm":25,"suspect":0,"heal":4,"dead":2,"severe":0,"input":0},"extData":null,"lastUpdateTime":null},{"date":"2020-04-14","today":{"confirm":4,"suspect":0,"heal":1,"dead":0,"severe":0,"storeConfirm":null,"input":0},"total":{"confirm":29,"suspect":0,"heal":5,"dead":2,"severe":0,"input":0},"extData":null,"lastUpdateTime":null},{"date":"2020-04-15","today":{"confirm":4,"suspect":0,"heal":0,"dead":0,"severe":0,"storeConfirm":null,"input":0},"total":{"confirm":33,"suspect":0,"heal":5,"dead":2,"severe":0,"input":0},"extData":null,"lastUpdateTime":null},{"date":"2020-04-17","today":{"confirm":5,"suspect":0,"heal":0,"dead":0,"severe":0,"storeConfirm":null,"input":0},"total":{"confirm":38,"suspect":0,"heal":5,"dead":2,"severe":0,"input":0},"extData":null,"lastUpdateTime":null},{"date":"2020-04-21","today":{"confirm":4,"suspect":0,"heal":0,"dead":1,"severe":0,"storeConfirm":null,"input":0},"total":{"confirm":42,"suspect":0,"heal":5,"dead":3,"severe":0,"input":0},"extData":null,"lastUpdateTime":null},{"date":"2020-04-26","today":{"confirm":1,"suspect":0,"heal":9,"dead":0,"severe":0,"storeConfirm":null,"input":0},"total":{"confirm":43,"suspect":0,"heal":14,"dead":3,"severe":0,"input":0},"extData":null,"lastUpdateTime":null},{"date":"2020-04-28","today":{"confirm":0,"suspect":0,"heal":5,"dead":0,"severe":0,"storeConfirm":null,"input":0},"total":{"confirm":43,"suspect":0,"heal":19,"dead":3,"severe":0,"input":0},"extData":null,"lastUpdateTime":null},{"date":"2020-04-29","today":{"confirm":0,"suspect":0,"heal":2,"dead":0,"severe":0,"storeConfirm":null,"input":0},"total":{"confirm":43,"suspect":0,"heal":21,"dead":3,"severe":0,"input":0},"extData":null,"lastUpdateTime":null},{"date":"2020-05-01","today":{"confirm":1,"suspect":0,"heal":6,"dead":0,"severe":0,"storeConfirm":null,"input":0},"total":{"confirm":44,"suspect":0,"heal":27,"dead":3,"severe":0,"input":0},"extData":null,"lastUpdateTime":null},{"date":"2020-05-06","today":{"confirm":1,"suspect":0,"heal":0,"dead":0,"severe":0,"storeConfirm":null,"input":0},"total":{"confirm":45,"suspect":0,"heal":27,"dead":3,"severe":0,"input":0},"extData":null,"lastUpdateTime":null},{"date":"2020-05-07","today":{"confirm":0,"suspect":null,"heal":0,"dead":0,"severe":null,"storeConfirm":null,"input":0},"total":{"confirm":45,"suspect":0,"heal":27,"dead":3,"severe":0,"input":0},"extData":null,"lastUpdateTime":null},{"date":"2020-05-08","today":{"confirm":2,"suspect":0,"heal":2,"dead":0,"severe":0,"storeConfirm":null,"input":0},"total":{"confirm":47,"suspect":0,"heal":29,"dead":3,"severe":0,"input":0},"extData":null,"lastUpdateTime":null},{"date":"2020-05-11","today":{"confirm":0,"suspect":null,"heal":0,"dead":0,"severe":null,"storeConfirm":null,"input":0},"total":{"confirm":47,"suspect":0,"heal":29,"dead":3,"severe":0,"input":0},"extData":null,"lastUpdateTime":null},{"date":"2020-05-12","today":{"confirm":0,"suspect":null,"heal":0,"dead":0,"severe":null,"storeConfirm":null,"input":0},"total":{"confirm":47,"suspect":0,"heal":29,"dead":3,"severe":0,"input":0},"extData":null,"lastUpdateTime":null},{"date":"2020-05-14","today":{"confirm":1,"suspect":0,"heal":0,"dead":0,"severe":0,"storeConfirm":null,"input":0},"total":{"confirm":48,"suspect":0,"heal":29,"dead":3,"severe":0,"input":0},"extData":null,"lastUpdateTime":null},{"date":"2020-05-15","today":{"confirm":2,"suspect":0,"heal":0,"dead":0,"severe":0,"storeConfirm":null,"input":0},"total":{"confirm":50,"suspect":0,"heal":29,"dead":3,"severe":0,"input":0},"extData":null,"lastUpdateTime":null},{"date":"2020-05-17","today":{"confirm":1,"suspect":0,"heal":7,"dead":0,"severe":0,"storeConfirm":null,"input":0},"total":{"confirm":51,"suspect":0,"heal":36,"dead":3,"severe":0,"input":0},"extData":null,"lastUpdateTime":null},{"date":"2020-05-18","today":{"confirm":7,"suspect":0,"heal":0,"dead":0,"severe":0,"storeConfirm":null,"input":0},"total":{"confirm":58,"suspect":0,"heal":36,"dead":3,"severe":0,"input":0},"extData":null,"lastUpdateTime":null},{"date":"2020-05-19","today":{"confirm":0,"suspect":null,"heal":0,"dead":0,"severe":null,"storeConfirm":null,"input":0},"total":{"confirm":58,"suspect":0,"heal":36,"dead":3,"severe":0,"input":0},"extData":null,"lastUpdateTime":null},{"date":"2020-05-20","today":{"confirm":0,"suspect":null,"heal":0,"dead":0,"severe":null,"storeConfirm":null,"input":0},"total":{"confirm":58,"suspect":0,"heal":36,"dead":3,"severe":0,"input":0},"extData":null,"lastUpdateTime":null},{"date":"2020-05-21","today":{"confirm":0,"suspect":null,"heal":0,"dead":0,"severe":null,"storeConfirm":null,"input":0},"total":{"confirm":58,"suspect":0,"heal":36,"dead":3,"severe":0,"input":0},"extData":null,"lastUpdateTime":null},{"date":"2020-05-22","today":{"confirm":1,"suspect":0,"heal":1,"dead":1,"severe":0,"storeConfirm":null,"input":0},"total":{"confirm":59,"suspect":0,"heal":37,"dead":4,"severe":0,"input":0},"extData":null,"lastUpdateTime":null},{"date":"2020-05-23","today":{"confirm":11,"suspect":0,"heal":0,"dead":0,"severe":0,"storeConfirm":null,"input":0},"total":{"confirm":70,"suspect":0,"heal":37,"dead":4,"severe":0,"input":0},"extData":null,"lastUpdateTime":null},{"date":"2020-05-24","today":{"confirm":16,"suspect":0,"heal":4,"dead":0,"severe":0,"storeConfirm":null,"input":0},"total":{"confirm":86,"suspect":0,"heal":41,"dead":4,"severe":0,"input":0},"extData":null,"lastUpdateTime":null},{"date":"2020-05-25","today":{"confirm":20,"suspect":0,"heal":0,"dead":0,"severe":0,"storeConfirm":null,"input":0},"total":{"confirm":106,"suspect":0,"heal":41,"dead":4,"severe":0,"input":0},"extData":null,"lastUpdateTime":null},{"date":"2020-05-26","today":{"confirm":15,"suspect":0,"heal":0,"dead":0,"severe":0,"storeConfirm":null,"input":0},"total":{"confirm":121,"suspect":0,"heal":41,"dead":4,"severe":0,"input":0},"extData":null,"lastUpdateTime":null},{"date":"2020-05-27","today":{"confirm":0,"suspect":0,"heal":2,"dead":0,"severe":0,"storeConfirm":null,"input":0},"total":{"confirm":121,"suspect":0,"heal":43,"dead":4,"severe":0,"input":0},"extData":null,"lastUpdateTime":null},{"date":"2020-05-28","today":{"confirm":1,"suspect":0,"heal":0,"dead":0,"severe":0,"storeConfirm":null,"input":0},"total":{"confirm":122,"suspect":0,"heal":43,"dead":4,"severe":0,"input":0},"extData":null,"lastUpdateTime":null},{"date":"2020-05-29","today":{"confirm":0,"suspect":null,"heal":0,"dead":0,"severe":null,"storeConfirm":null,"input":0},"total":{"confirm":122,"suspect":0,"heal":43,"dead":4,"severe":0,"input":0},"extData":null,"lastUpdateTime":null},{"date":"2020-05-30","today":{"confirm":0,"suspect":null,"heal":0,"dead":0,"severe":null,"storeConfirm":null,"input":0},"total":{"confirm":122,"suspect":0,"heal":43,"dead":4,"severe":0,"input":0},"extData":null,"lastUpdateTime":null},{"date":"2020-05-31","today":{"confirm":0,"suspect":0,"heal":3,"dead":1,"severe":0,"storeConfirm":null,"input":0},"total":{"confirm":122,"suspect":0,"heal":46,"dead":5,"severe":0,"input":0},"extData":null,"lastUpdateTime":null},{"date":"2020-06-01","today":{"confirm":1,"suspect":0,"heal":0,"dead":0,"severe":0,"storeConfirm":null,"input":0},"total":{"confirm":123,"suspect":0,"heal":46,"dead":5,"severe":0,"input":0},"extData":null,"lastUpdateTime":null},{"date":"2020-06-03","today":{"confirm":0,"suspect":0,"heal":7,"dead":1,"severe":0,"storeConfirm":null,"input":0},"total":{"confirm":123,"suspect":0,"heal":53,"dead":6,"severe":0,"input":0},"extData":null,"lastUpdateTime":null},{"date":"2020-06-04","today":{"confirm":1,"suspect":0,"heal":0,"dead":0,"severe":0,"storeConfirm":null,"input":0},"total":{"confirm":124,"suspect":0,"heal":53,"dead":6,"severe":0,"input":0},"extData":null,"lastUpdateTime":null},{"date":"2020-06-05","today":{"confirm":0,"suspect":null,"heal":0,"dead":0,"severe":null,"storeConfirm":null,"input":0},"total":{"confirm":124,"suspect":0,"heal":53,"dead":6,"severe":0,"input":0},"extData":null,"lastUpdateTime":null},{"date":"2020-06-06","today":{"confirm":1,"suspect":0,"heal":5,"dead":0,"severe":0,"storeConfirm":null,"input":0},"total":{"confirm":125,"suspect":0,"heal":58,"dead":6,"severe":0,"input":0},"extData":null,"lastUpdateTime":null},{"date":"2020-06-07","today":{"confirm":16,"suspect":0,"heal":0,"dead":0,"severe":0,"storeConfirm":null,"input":0},"total":{"confirm":141,"suspect":0,"heal":58,"dead":6,"severe":0,"input":0},"extData":null,"lastUpdateTime":null},{"date":"2020-06-08","today":{"confirm":3,"suspect":0,"heal":4,"dead":0,"severe":0,"storeConfirm":null,"input":0},"total":{"confirm":144,"suspect":0,"heal":62,"dead":6,"severe":0,"input":0},"extData":null,"lastUpdateTime":null},{"date":"2020-06-09","today":{"confirm":2,"suspect":0,"heal":0,"dead":0,"severe":0,"storeConfirm":null,"input":0},"total":{"confirm":146,"suspect":0,"heal":62,"dead":6,"severe":0,"input":0},"extData":null,"lastUpdateTime":null},{"date":"2020-06-10","today":{"confirm":6,"suspect":0,"heal":6,"dead":0,"severe":0,"storeConfirm":null,"input":0},"total":{"confirm":152,"suspect":0,"heal":68,"dead":6,"severe":0,"input":0},"extData":null,"lastUpdateTime":null},{"date":"2020-06-11","today":{"confirm":12,"suspect":0,"heal":0,"dead":0,"severe":0,"storeConfirm":null,"input":0},"total":{"confirm":164,"suspect":0,"heal":68,"dead":6,"severe":0,"input":0},"extData":null,"lastUpdateTime":null},{"date":"2020-06-12","today":{"confirm":0,"suspect":null,"heal":0,"dead":0,"severe":null,"storeConfirm":null,"input":0},"total":{"confirm":164,"suspect":0,"heal":68,"dead":6,"severe":0,"input":0},"extData":null,"lastUpdateTime":null},{"date":"2020-06-13","today":{"confirm":6,"suspect":0,"heal":3,"dead":0,"severe":0,"storeConfirm":null,"input":0},"total":{"confirm":170,"suspect":0,"heal":71,"dead":6,"severe":0,"input":0},"extData":null,"lastUpdateTime":null},{"date":"2020-06-14","today":{"confirm":7,"suspect":0,"heal":3,"dead":0,"severe":0,"storeConfirm":null,"input":0},"total":{"confirm":177,"suspect":0,"heal":74,"dead":6,"severe":0,"input":0},"extData":null,"lastUpdateTime":null}]},"timestamp":1687832268093}