{"reqId":16878322665215441,"code":10000,"msg":"成功","data":{"list":[{"date":"2020-04-30","today":{"confirm":1,"suspect":0,"heal":0,"dead":0,"severe":0,"storeConfirm":null,"input":0},"total":{"confirm":1,"suspect":0,"heal":0,"dead":0,"severe":0,"input":0},"extData":null,"lastUpdateTime":null},{"date":"2020-05-03","today":{"confirm":2,"suspect":0,"heal":0,"dead":0,"severe":0,"storeConfirm":null,"input":0},"total":{"confirm":3,"suspect":0,"heal":0,"dead":0,"severe":0,"input":0},"extData":null,"lastUpdateTime":null},{"date":"2020-05-06","today":{"confirm":5,"suspect":0,"heal":0,"dead":1,"severe":0,"storeConfirm":null,"input":0},"total":{"confirm":8,"suspect":0,"heal":0,"dead":1,"severe":0,"input":0},"extData":null,"lastUpdateTime":null},{"date":"2020-05-07","today":{"confirm":0,"suspect":null,"heal":0,"dead":0,"severe":null,"storeConfirm":null,"input":0},"total":{"confirm":8,"suspect":0,"heal":0,"dead":1,"severe":0,"input":0},"extData":null,"lastUpdateTime":null},{"date":"2020-05-11","today":{"confirm":3,"suspect":0,"heal":0,"dead":0,"severe":0,"storeConfirm":null,"input":0},"total":{"confirm":11,"suspect":0,"heal":0,"dead":1,"severe":0,"input":0},"extData":null,"lastUpdateTime":null},{"date":"2020-05-12","today":{"confirm":0,"suspect":null,"heal":0,"dead":0,"severe":null,"storeConfirm":null,"input":0},"total":{"confirm":11,"suspect":0,"heal":0,"dead":1,"severe":0,"input":0},"extData":null,"lastUpdateTime":null},{"date":"2020-05-13","today":{"confirm":0,"suspect":null,"heal":0,"dead":0,"severe":null,"storeConfirm":null,"input":0},"total":{"confirm":11,"suspect":0,"heal":0,"dead":1,"severe":0,"input":0},"extData":null,"lastUpdateTime":null},{"date":"2020-05-14","today":{"confirm":0,"suspect":0,"heal":3,"dead":0,"severe":0,"storeConfirm":null,"input":0},"total":{"confirm":11,"suspect":0,"heal":3,"dead":1,"severe":0,"input":0},"extData":null,"lastUpdateTime":null},{"date":"2020-05-17","today":{"confirm":0,"suspect":null,"heal":0,"dead":0,"severe":null,"storeConfirm":null,"input":0},"total":{"confirm":11,"suspect":0,"heal":3,"dead":1,"severe":0,"input":0},"extData":null,"lastUpdateTime":null},{"date":"2020-05-18","today":{"confirm":0,"suspect":null,"heal":0,"dead":0,"severe":null,"storeConfirm":null,"input":0},"total":{"confirm":11,"suspect":0,"heal":3,"dead":1,"severe":0,"input":0},"extData":null,"lastUpdateTime":null},{"date":"2020-05-19","today":{"confirm":0,"suspect":null,"heal":0,"dead":0,"severe":null,"storeConfirm":null,"input":0},"total":{"confirm":11,"suspect":0,"heal":3,"dead":1,"severe":0,"input":0},"extData":null,"lastUpdateTime":null},{"date":"2020-05-20","today":{"confirm":23,"suspect":0,"heal":5,"dead":0,"severe":0,"storeConfirm":null,"input":0},"total":{"confirm":34,"suspect":0,"heal":8,"dead":1,"severe":0,"input":0},"extData":null,"lastUpdateTime":null},{"date":"2020-05-21","today":{"confirm":0,"suspect":null,"heal":0,"dead":0,"severe":null,"storeConfirm":null,"input":0},"total":{"confirm":34,"suspect":0,"heal":8,"dead":1,"severe":0,"input":0},"extData":null,"lastUpdateTime":null},{"date":"2020-05-22","today":{"confirm":44,"suspect":0,"heal":10,"dead":0,"severe":0,"storeConfirm":null,"input":0},"total":{"confirm":78,"suspect":0,"heal":18,"dead":1,"severe":0,"input":0},"extData":null,"lastUpdateTime":null},{"date":"2020-05-23","today":{"confirm":0,"suspect":null,"heal":0,"dead":0,"severe":null,"storeConfirm":null,"input":0},"total":{"confirm":78,"suspect":0,"heal":18,"dead":1,"severe":0,"input":0},"extData":null,"lastUpdateTime":null},{"date":"2020-05-24","today":{"confirm":9,"suspect":0,"heal":3,"dead":0,"severe":0,"storeConfirm":null,"input":0},"total":{"confirm":87,"suspect":0,"heal":21,"dead":1,"severe":0,"input":0},"extData":null,"lastUpdateTime":null},{"date":"2020-05-25","today":{"confirm":0,"suspect":null,"heal":0,"dead":0,"severe":null,"storeConfirm":null,"input":0},"total":{"confirm":87,"suspect":0,"heal":21,"dead":1,"severe":0,"input":0},"extData":null,"lastUpdateTime":null},{"date":"2020-05-26","today":{"confirm":0,"suspect":null,"heal":0,"dead":0,"severe":null,"storeConfirm":null,"input":0},"total":{"confirm":87,"suspect":0,"heal":21,"dead":1,"severe":0,"input":0},"extData":null,"lastUpdateTime":null},{"date":"2020-05-27","today":{"confirm":0,"suspect":0,"heal":3,"dead":1,"severe":0,"storeConfirm":null,"input":0},"total":{"confirm":87,"suspect":0,"heal":24,"dead":2,"severe":0,"input":0},"extData":null,"lastUpdateTime":null},{"date":"2020-05-28","today":{"confirm":0,"suspect":null,"heal":0,"dead":0,"severe":null,"storeConfirm":null,"input":0},"total":{"confirm":87,"suspect":0,"heal":24,"dead":2,"severe":0,"input":0},"extData":null,"lastUpdateTime":null},{"date":"2020-05-30","today":{"confirm":19,"suspect":0,"heal":2,"dead":0,"severe":0,"storeConfirm":null,"input":0},"total":{"confirm":106,"suspect":0,"heal":26,"dead":2,"severe":0,"input":0},"extData":null,"lastUpdateTime":null},{"date":"2020-05-31","today":{"confirm":0,"suspect":null,"heal":0,"dead":0,"severe":null,"storeConfirm":null,"input":0},"total":{"confirm":106,"suspect":0,"heal":26,"dead":2,"severe":0,"input":0},"extData":null,"lastUpdateTime":null},{"date":"2020-06-01","today":{"confirm":0,"suspect":null,"heal":0,"dead":0,"severe":null,"storeConfirm":null,"input":0},"total":{"confirm":106,"suspect":0,"heal":26,"dead":2,"severe":0,"input":0},"extData":null,"lastUpdateTime":null},{"date":"2020-06-03","today":{"confirm":26,"suspect":0,"heal":1,"dead":0,"severe":0,"storeConfirm":null,"input":0},"total":{"confirm":132,"suspect":0,"heal":27,"dead":2,"severe":0,"input":0},"extData":null,"lastUpdateTime":null},{"date":"2020-06-04","today":{"confirm":0,"suspect":0,"heal":28,"dead":0,"severe":0,"storeConfirm":null,"input":0},"total":{"confirm":132,"suspect":0,"heal":55,"dead":2,"severe":0,"input":0},"extData":null,"lastUpdateTime":null},{"date":"2020-06-05","today":{"confirm":0,"suspect":null,"heal":0,"dead":0,"severe":null,"storeConfirm":null,"input":0},"total":{"confirm":132,"suspect":0,"heal":55,"dead":2,"severe":0,"input":0},"extData":null,"lastUpdateTime":null},{"date":"2020-06-06","today":{"confirm":9,"suspect":0,"heal":12,"dead":0,"severe":0,"storeConfirm":null,"input":0},"total":{"confirm":141,"suspect":0,"heal":67,"dead":2,"severe":0,"input":0},"extData":null,"lastUpdateTime":null},{"date":"2020-06-07","today":{"confirm":0,"suspect":null,"heal":0,"dead":0,"severe":null,"storeConfirm":null,"input":0},"total":{"confirm":141,"suspect":0,"heal":67,"dead":2,"severe":0,"input":0},"extData":null,"lastUpdateTime":null},{"date":"2020-06-08","today":{"confirm":0,"suspect":null,"heal":0,"dead":0,"severe":null,"storeConfirm":null,"input":0},"total":{"confirm":141,"suspect":0,"heal":67,"dead":2,"severe":0,"input":0},"extData":null,"lastUpdateTime":null},{"date":"2020-06-09","today":{"confirm":0,"suspect":null,"heal":0,"dead":0,"severe":null,"storeConfirm":null,"input":0},"total":{"confirm":141,"suspect":0,"heal":67,"dead":2,"severe":0,"input":0},"extData":null,"lastUpdateTime":null},{"date":"2020-06-10","today":{"confirm":21,"suspect":0,"heal":30,"dead":0,"severe":0,"storeConfirm":null,"input":0},"total":{"confirm":162,"suspect":0,"heal":97,"dead":2,"severe":0,"input":0},"extData":null,"lastUpdateTime":null},{"date":"2020-06-11","today":{"confirm":0,"suspect":null,"heal":0,"dead":0,"severe":null,"storeConfirm":null,"input":0},"total":{"confirm":162,"suspect":0,"heal":97,"dead":2,"severe":0,"input":0},"extData":null,"lastUpdateTime":null},{"date":"2020-06-13","today":{"confirm":14,"suspect":0,"heal":17,"dead":0,"severe":0,"storeConfirm":null,"input":0},"total":{"confirm":176,"suspect":0,"heal":114,"dead":2,"severe":0,"input":0},"extData":null,"lastUpdateTime":null},{"date":"2020-06-14","today":{"confirm":0,"suspect":null,"heal":0,"dead":0,"severe":null,"storeConfirm":null,"input":0},"total":{"confirm":176,"suspect":0,"heal":114,"dead":2,"severe":0,"input":0},"extData":null,"lastUpdateTime":null}]},"timestamp":1687832266521}